skepteis	skepteis.social	[110203106925808656, 39843, 108228796735866969, 110162982108991806, 110161865082482927, 110145164492895873, 109248178378226165, 109258621892931935, 110019274957075802, 109946924320940404, 109948871240849673, 109833957341292248, 109938993909270390, 109926534067620785, 134865, 109855809378994678, 109259200981519683, 109835724189247114, 108196965407361484, 109355285217961768, 107990518454921286, 109250414725026107, 109259546883024857, 109257906386921793, 410996, 108217621113663787, 108198918715093132, 109250208852186337, 109248945403729531, 109353842135607586, 196447, 109257957418165533, 108197742228932148, 109259733959194695, 109258502249565572, 1039056, 109306489601866340, 109245769856113803, 492366, 109493038201276981, 109238613210438222, 108274237935441500, 109236794788871674, 1134825, 35000, 109246806687175779, 108197263876648811, 323636, 107173968727704627, 304453, 1069280, 109259019751045186, 108273580721851838, 109243637248204289, 109246892760912448, 109250246036067890, 109245244711168592, 109238561618665920, 109520683543154323, 1148031, 109505569971778202, 109504710144171282, 109502999488336429, 109502349866550029, 109501248356311852, 109500135467564797, 109496643762491565, 109369766994062360, 109251453944116762, 816086, 44998, 108255149922519445, 109325087254971532, 108290179942075079, 108194603582749219, 109244866525050616, 107251830859025344, 109244605801158644, 1098421, 109207220144916413, 13653, 924837, 564840, 108279780058040080, 108280109550578797, 109244871262888589, 108237706921866406, 108194311231001675, 108133312197922519, 108141861268643480, 108192028009313948, 410930, 108197447023231861, 108347064640800032, 266310, 787500, 109245153566284009, 531544, 1106334, 109360295779559163, 108256616062406005, 109245678983211265, 109248229556917222, 109356061792642137, 109353918539696539, 109361503151233498, 108254504018816288, 108194167503709156, 109244955209524165, 774989, 109244814885480884, 109295991837551289, 109253364198085189, 155884, 439138, 109236400208258951, 107809666288850451, 109245440539977744, 486477, 107760417546275440, 975915, 109245297586507646, 63926, 109359703167212307, 14746, 571250, 108198129703814966, 108136862577370883, 109249953659133159, 108253245066469201, 108130982440165198, 109353416589827410, 268592, 109244768001202510, 107961983154644221, 109241917322992771, 109329198128151826, 109244906206736663, 109250386931270967, 109246012788381331, 37661, 109256579022943857, 109247931732516727, 109257019015927299, 109310961140921130, 108239837687022072, 109246120984435842, 108231708836017205, 108305157249415914, 109246018784846168, 109248005919031367, 108143386112579502, 108208823247664505, 109191189677729889, 109243695651522323, 109249348013409446, 109244825049718756, 109257143813191096, 109256549538713822, 109298782984336143, 325265, 108130946219627065, 109248056992305241, 109253403766310138, 109256225644714892, 109253792537270451, 109213377166929725, 108306274301833643, 108192749563716625, 378377, 109246154115209261, 108226015803143323, 109245007084969978, 19459, 108196883952012745, 108197323206636720, 109286013792299741, 108198081800622959, 109254865151680729, 109320667802434192, 108194550009679984, 109256823152272864, 454310, 109257880280153444, 109240457280547207, 109243624544711985, 824771, 109258337355034898, 109246899042996047, 108192631221212097, 516686, 108194660440392188, 109245431724562761, 109259519836221194, 108197664946455255, 1184847, 109247328623356972, 108267921639546420, 199062, 109246750567712454]	Cheminformaticians and Computational Chemists
physicsteo	mastodon.online	[110149979465086052, 110128543818838346, 109367919444048964, 109503077361048578, 109258891659847994, 496532, 108130456342199993, 109256715193265869, 109241315062900881, 109243637248204289, 109433061777758141, 109249458656748845, 109501248356311852, 109500135467564797, 109251453944116762, 44998, 405401, 109257880280153444, 363081, 109256339341231522, 107961983154644221, 108133312197922519, 109259106770656681, 531544, 109249953659133159, 109360967904347811, 109359703167212307, 109356061792642137, 109249601036290848, 109249348013409446, 108150642470501950, 109246222794491702, 108194660440392188, 109248005919031367, 109244978188687234, 109248398516324797, 109259518584381895, 109246018784846168, 109259349636889317, 109244342687561383, 109246899042996047, 109213377166929725, 108194786055257254, 108194307694818557, 109248578108503061, 480252, 109251910862937504, 109246750567712454, 108176962146415127, 109258567966220167, 109246153972116586, 785845, 109191189677729889, 245868, 109255066950685233, 109258667587517080, 109253223073597615, 108136862577370883, 108136313644156324, 109257348977605586, 109245767030171009, 109257438071865861, 109246815375952438, 108197198493223887, 108217621113663787, 109250349026571158, 108132610055024720, 109256427258647455, 109247762867842589, 108143440210384144, 109245579674157990, 109245093117943701, 109250386931270967, 109256823152272864, 108243856535856081]	Cheminformaticians and Computational Chemists
bspahh	sciencemastodon.com	[110149979465086052, 109256823152272864, 109500135467564797, 44998, 107961983154644221, 531544]	Cheminformaticians and Computational Chemists
rbhar90	mastodon.social	[110068921406778348, 110209688279099020, 109356017268516510, 109988540026929223, 109417910329362089, 468854, 110119028080135135, 109310701034380566, 110047481036015157, 109264852417880029, 109932022407201709, 109978661757512620, 109941677355327850, 1199695, 109950254447749037, 109386312479952378, 109264802908736499, 109869371035004337, 109852343259315199, 109502371616526355, 109818391719818390, 996302, 109563323641050710, 109814358071703890, 109808884795525164, 109803169228704664, 109247188979711163, 109366932365148086, 109254650141258768, 109691041218487552, 109521092989314286, 109526353820069754, 109242269963108251, 109764975593128221, 109762539630494652, 109762537482631655, 109521568501255332, 467446, 599571, 107859558492679183, 109726087932371287, 109724389124807596, 108205316729176907, 109719302300938205, 1078296, 109320417752998647, 109708527877231002, 109698850271050001, 108194295546688135, 109544812686190647, 109536518948371781, 413313, 109692059725923896, 109557987578645352, 109293637122013563, 109263569423407373, 109309578535521033, 109669960676288108, 109668142216183184, 109665661934661703, 109662403111453975, 109379531178079777, 392476, 109522297701024696, 109534224472026125, 109560887171160415, 109648222244698103, 109622221066512048, 109634299107400392, 109328564155718756, 109402364664408972, 109519662369969446, 109325584628072635, 109496757341030201, 109256991300870236, 558547, 109377536289047409, 109605327907486515, 109600702570321999, 109539863104099423, 973949, 109595548766133097, 83639, 109485678099905439, 109326531123905998, 109247026094694754, 109298877527713678, 109318621583444484, 109304185946530317, 109364059276978255, 991121, 109576100502175209, 109362671422760454, 109571560022234173, 109571150961685966, 109525398807960365, 109569422445771621, 109496516061958298, 109568197567930978, 109378609778459573, 109309619722586025, 109428259994156095, 109563102486669736, 109561677275925057, 109540944893432832, 109558825796251233, 109522820013383854, 519078, 268687, 109393186491450346, 109556139038434032, 109555147202861360, 28773, 109290804795309733, 109553568708175154, 108132610055024720, 109547823511042953, 109318831459079080, 109493864970994532, 109543967258727546, 109545967108336363, 109500451397079147, 109539239213152294, 109407212567030900, 109298105877025085, 109379973296538962, 109438066180149172, 109543084916860228, 109536936205644965, 109536986327188847, 109327200533785474, 109375738068234903, 109524752391574787, 109243708859283489, 109310300138538809, 109295018313919719, 107365521101787261, 109523672200810848, 109296071760685233, 109540989790871851, 109537212307811926, 109540449266727238, 109540183263772087, 109540018011776220, 109540036765360245, 109519538008210748, 7298, 109313105093241006, 109363635197142547, 109457856706662203, 109538726205539930, 1108731, 109329101446143964, 109503720471866601, 109538410250842034, 109538109707119665, 21245, 109537940921698404, 109308139938082988, 109291559012975014, 109523401924487993, 109537772945391207, 109537729570407409, 109537747911848364, 301124, 109412924456979166, 109320086343916575, 109381742892521156, 109496841209255478, 109363050434923545, 109537511945670515, 109362518285528557, 109537326772473125, 109537183658358658, 519858, 109537076526402572, 109537142302257581, 109537095790005507, 109537090117498953, 109537075850796416, 109537064744891106, 109291906390090639, 109306823156430319, 465322, 109536902995609087, 109281498364350180, 109536934265309253, 109536879659363204, 109536825616207138, 109536835880707940, 651125, 109536800819719440, 109297883042673138, 109322782617291913, 109536695500746400, 109376018605628339, 109536660965188960, 109289880943760363, 109536646281051826, 109403687088347229]	Cheminformaticians and Computational Chemists
ATGarciaSosa	mastodon.social	[109346970004391527, 110149979465086052, 108096914931537631, 109262593803199103, 109291496046277760, 110047481036015157, 109310701034380566, 109931121606763190, 109301824768072755, 109816514200479053, 109293891031888333, 109263569423407373, 109249096570694910, 109254689030687347, 109359703167212307, 109256991300870236, 109377536289047409, 109589354065409739, 109294964899133606, 109535317170206824, 109525398807960365, 109309619722586025, 109559815792927643, 109402364664408972, 108179992550351395, 109561677275925057, 109297665790835159, 109548552964727215, 109546070837616437, 109540669388779399, 109540449266727238, 109537095790005507, 109525135872646463, 828482, 109518112182874994, 109245865585782899, 109503005532961374, 109246966827101070, 109500135467564797, 109465361333962810, 109458304125363189, 109457064596747958, 44998, 109314989941570927, 109321612875399218, 109273396923834991, 109261462278137556, 109304366849286127, 109368060698345663, 109389270872623013, 109308145537259318, 109420754859006392, 109246003251800877, 109416755250695799, 107961983154644221, 109278912665790481, 109389286965408128, 109241323957229482, 109386610533461713, 109259349636889317, 531544, 109377870090143853, 109301982954585802, 109264016900456458, 109382273917967694, 109369372729006455, 109381040041447983, 109287249244405493, 109332191530367308, 109329125617503195, 109249953659133159, 109380117622266582, 109333714218070499, 109331903415234258, 109379350866651987, 109326267989692284, 109377581831106486, 109373770580231145, 109344544961345645, 109299064389514476, 109376260664165194, 109290984734676495, 109309006978973955, 109248398516324797, 109248296849602898, 109375452716760840, 109375388525180194, 109375098592919378, 109347844898880137, 109364175032779950, 109306021576103577, 109372124731171287, 109372510300859797, 109371930254930437, 109371495841988054, 109329756932762871, 109301483555399086, 109371017635315166, 109308766837061064, 109336960805819330, 109366901409502499, 109264669872686104, 109365602275676707, 109361219015359637, 109364197953279198, 109312197328571262, 109315261675092167, 109361049274978400, 109299206671040296, 109297317757166322, 109240549983130860, 109267699897082330, 109270857569351737, 109307814342151540, 109246008998696704, 109291778552120776, 109338186552370886, 109295948816072856, 109330869172449769, 108194660440392188, 109321991918598359, 109331008367370147, 109330298524442188, 212792, 109287357246699869, 109246136667048797, 109326088833342541, 109304264357154002, 109326492361546508, 109271495585703801, 109271555086834189, 109324545740655282, 109324940901975553, 109288364016540091, 109298205078313928, 109324206604343763, 109287064267648772, 109324089353441884, 109273417712318912, 109272945884744995, 109295006982948296, 109294817365140467, 109284598555689539, 109287848317843633, 109292344493322896, 109285292138128569, 108194307694818557, 109320911130807863, 109318159679924692, 109290677132976734, 109305406416473796, 108180291058621363, 109279083827006910, 108222947324934281, 109262317201103305, 108193000110674127, 108179980009987439, 1119537, 109293498508291318, 108193818567673698, 109259649634443542, 737732, 109256225644714892, 108195884222100510, 7462, 109287460546072420, 109258667587517080, 109289026359953229, 109249454503327661, 109268638493222507, 109244779474103637, 109208579863927966, 109250361148548364, 109246002595765726, 109269171973126212, 109245093117943701, 108176962146415127, 108210361772341925, 109245579674157990, 109244445143737533, 109251994242816003, 108193827266546898, 108150642470501950, 109256142525869167, 109246840762974969, 109245574202591679, 109255066950685233, 109250386931270967, 108196596971402807, 109256084793576936, 109251686068231815, 109213377166929725, 109243695651522323, 109243118156218972, 109247762867842589, 109249348013409446, 109250349026571158, 109245369522409024, 109246923209291084, 108193250161271779]	Cheminformaticians and Computational Chemists
marwinsegler	mastodon.social	[110225902918488388, 109291496046277760, 110149979465086052, 109685509772219508, 108096914931537631, 110047481036015157, 109310701034380566, 109971738563309437, 109941677355327850, 109254650141258768, 109764975593128221, 109259181227854511, 109762539630494652, 109263569423407373, 109668142216183184, 109568197567930978, 109643792899584041, 107365521101787261, 109256991300870236, 109274344185225273, 109377536289047409, 109376018605628339, 109294964899133606, 109366740309804603, 109372062951746259, 109305724003593184, 109309619722586025, 109559815792927643, 109402364664408972, 109561677275925057, 35000, 109539239213152294, 109264989011633615, 109540669388779399, 109296071760685233, 109540449266727238, 109536786988044509, 109538855721428814, 109246976571082957, 109537095790005507, 109247476040566348, 109536165525783634, 109535778785878576, 109522568251794184, 109533614925110819, 109303913005488485, 109294493475654695, 109529649799981728, 108132996445004333, 109525135872646463, 109529928278920952, 109525291582145190, 109498934601937491, 109246683781391886, 109243637248204289, 109249096570694910, 109360967904347811, 109525398807960365, 109433989561671115, 109326160668189958, 109524663887638015, 109256916876947257, 109522611205132581, 4739, 140032, 109514608337560327, 109301784996208911, 109319015473152122, 109502152110345160, 109501248356311852, 109500949308760996, 109500135467564797, 109496516061958298, 109468011734738860, 109465361333962810, 109457449015201667, 109457064596747958, 109449616283885681, 44998, 109273417712318912, 405401, 109434529814873265, 109429871291595798, 109422576325348885, 109314989941570927, 109389270872623013, 109420754859006392, 109246003251800877, 109416755250695799, 109410611988190587, 109300320080931674, 109410793856783959, 109408989730650846, 109402392639738878, 109403456369012722, 109246815375952438, 109400166200390328, 107961983154644221, 108133312197922519, 109336162786080759, 109386613605767497, 26730, 531544, 109377870090143853, 109301982954585802, 109383626057239483, 109383538389312624, 109293016449082418, 109304346506647658, 109382273917967694, 109298205078313928, 109369372729006455, 109381040041447983, 109302823902709461, 109377004111101146, 109312197328571262, 109287249244405493, 109332191530367308, 109361503151233498, 109329125617503195, 109380117622266582, 109340319170332522, 109333714218070499, 109355762319022617, 109331903415234258, 109379426759598297, 109379350866651987, 109376382516649911, 109379127933688850, 109326267989692284, 109286888312766327, 109324206604343763, 109374750572257370, 109376737026670215, 109344544961345645, 108300258276168424, 109376260664165194, 109371666184605838, 109364143083669826, 109375600585567609, 109290984734676495, 109309006978973955, 212792, 109363866949542207, 109248296849602898, 109375388525180194, 109375098592919378, 109347844898880137, 109364175032779950, 109372124731171287, 109329756932762871, 109371339627882858, 1012497, 109367087061679917, 109362637272604979, 109369897342984871, 109365246394730971, 109364936909361404, 109364197953279198, 109361219015359637, 109361049274978400, 109299206671040296, 109267699897082330, 109307814342151540, 109291778552120776, 109338186552370886, 109256715193265869, 109326093924773874, 109331008367370147, 109306021576103577, 109295836826726458, 109256713489381935, 109244445143737533, 108132610055024720, 109246018784846168, 108194660440392188, 109304264357154002, 109297017871033995, 109287357246699869, 109304519938140027, 109301824768072755, 109318752941996649, 109315261675092167, 109315950988839061, 109314413857826460, 109303296486536389, 109297534320581826, 109288259442482981, 109302038370613838, 109287460136679988, 109309976212501400, 109309155024875438, 109304962940821933, 109308766837061064, 109293421109795651, 109304557314381732, 109303806823903473, 109304366849286127, 109302916317776632, 109303025819414814]	Cheminformaticians and Computational Chemists
caco3	scholar.social	[785845, 109520229016460037, 109246554904857531, 109246321919348605, 108137062828210459, 109251453944116762, 109257264795644923, 109256823152272864, 214232, 109500135467564797, 108221385513668642, 2500, 109245531519879403, 107961983154644221, 109254865151680729, 109245426868274632, 109258018676849983, 109246127135375415, 109245901952601288, 109245672377082191, 108132610055024720, 106719049388797324, 109248398516324797, 501225, 108136313644156324, 34236, 109246018784846168, 109335535272446732, 108194660440392188, 1121133, 109260019867265946, 15305, 17568, 109256571723337853, 109246008986732099, 108222947324934281]	Cheminformaticians and Computational Chemists
egonw	scholar.social	[110133627596066925, 109501617615166066, 108195282525790718, 110202390542549914, 109241992397126854, 110063187631542285, 110019274957075802, 1148925, 109913765278377045, 109903348431735612, 109252119150079742, 456784, 109521092989314286, 109823972171828657, 108232735125079871, 108217621113663787, 31253, 109374616082900927, 7326, 7462, 107990518454921286, 109256225644714892, 479177, 109244410421482037, 109507783898717434, 109252224083850723, 109258545590908987, 109507438500233448, 130759, 109245078365320623, 140032, 109510570221530343, 109244642742093338, 109500135467564797, 109497917159674313, 109245404549030091, 501276, 109247432104710610, 109305165689125251, 268969, 108194307694818557, 109252580992154839, 108150642470501950, 109246815375952438, 479343, 109249096570694910, 109331776093990272, 531544, 9830, 108131420726034757, 109246558808570905, 109361350716286378, 499437, 109253160504855551, 109354982313560301, 109247105033464230, 259798, 109369754504787761, 13733, 107961983154644221, 109245042280376838, 106346570191241242, 109247712952305913, 20157, 109246018784846168, 108194660440392188, 107271235033984791, 966061, 848514, 108194363543185150, 109257264795644923, 109245007084969978, 108131899908535411, 109246632288844654, 109245093117943701, 109245799585295737, 108130769549430985, 358199, 292510, 323636, 109253480341341786, 108243207600039266, 1077888, 214973, 17568, 214232, 109250390929793788, 109258530142533008, 1150722, 109257554755533846, 109260004362041595, 109249643504294545, 28262, 462985, 109256135380843601, 109259147550279945, 108136313644156324, 478928, 109247435278417605, 109245579674157990, 187091, 109247300347877347, 109246042031760764, 109246864642500288, 109244426587899179, 109246507854283151, 108195059977880628, 109245767030171009, 109256084793576936, 109245415865803286, 109248005919031367, 109250876076720495, 109258498477928047, 10550, 109258114354099043, 109251453944116762, 109245783259211107, 109252235052978846, 109257019015927299, 109246218371978902, 108132610055024720, 108136862577370883, 109191189677729889, 274360, 109252640113435206, 109246153972116586, 109257207725088461, 109253342904870161, 109244642882507497, 109255024315962244, 1296320, 109244707928246173, 109251571663801144, 108131604772356656, 109252603191613691, 109252575071815210, 109252345533958928, 109252880783720451, 109245423746698811, 108197237705493845, 109250392838806712, 109251906313788119, 508947, 109250169740102101, 109247538985628631, 109246437139674395, 109247128134765277, 109245932155891881, 109248398516324797, 109246018813512788, 109244822725965644, 480252, 109114887792983860, 108723725919401467, 108193254639199580, 108225885233784055, 108222579241579049, 108163375349078422, 108221385513668642, 108222947324934281, 106719049388797324, 991336, 502408, 898079, 257130, 393184, 423451, 19652]	Cheminformaticians and Computational Chemists
davidzhuang	fosstodon.org	[109500135467564797, 44998, 107961983154644221, 531544, 109248398516324797, 108137062828210459]	Cheminformaticians and Computational Chemists
pschmidtke	masto.ai	[110149979465086052, 109243637248204289, 109504710144171282, 109500135467564797, 109251453944116762, 44998, 109246153972116586, 107961983154644221, 531544, 108197191014843939, 109246222794491702, 109248398516324797, 109246018784846168, 109213377166929725, 108132610055024720, 108194660440392188, 109248005919031367, 108136313644156324]	Cheminformaticians and Computational Chemists
aspuru	mastodon.social	[686140, 110068921406778348, 109325029133543242, 1207388, 110279152346170827, 110269043321807256, 110268241863918074, 110267413843461405, 110241352677542873, 110238935139501627, 110213277091918388, 1090196, 110152291328123006, 109245792245962039, 109313403874405464, 107183041602963722, 110167011863659079, 110149979465086052, 108096914931537631, 109334320552716442, 110137769778708941, 110136561667319109, 109604198686224176, 110076081697468747, 110113507412491092, 110108480707002781, 109666701713165318, 109299787231601183, 110094152148735010, 109345061050226961, 110066467115762547, 110097248536641376, 109300499617082893, 109276215660373065, 110078535374564781, 109367625161064967, 110055020215753847, 110052425984435695, 110047481036015157, 110044623641456202, 110041696264022862, 110031042472048889, 109346160149090938, 110021942092906092, 109480066205823705, 109698436254241937, 109368729183108508, 109292272806880476, 109305113027056348, 109402364664408972, 109276433306116166, 109275071976919438, 109971738563309437, 109702055193076408, 109961000505820260, 109288043037001319, 109706142262458426, 109339536603740684, 109405687564081326, 109925103539530767, 1278165, 109531930931955669, 109322948113089988, 109909705980324518, 109288396586140313, 109961061365150089, 109961111637390292, 107365521101787261, 109931121606763190, 109926003169811319, 109594934902917203, 109303185391396356, 109914895314826652, 109914083837005317, 109911384812492394, 1202038, 109897951549644550, 109899688155760981, 109507328729396453, 109894204866182245, 109893013312480203, 109889207121998562, 109876376545903789, 109870945462392844, 109864061403027485, 109860741572160908, 109305760592089374, 109530933582416844, 109856169797635817, 109603848177303845, 109338195213016754, 109849565995709888, 109528949908208828, 109842643482086323, 109842152328015883, 109491916822458508, 108051043066980603, 109837335760265050, 109365179307365706, 109833708612048246, 109832995479406959, 109832892271565989, 109331988308488695, 109831384619518841, 109747734640504325, 109825510893542801, 109279673452579767, 109813706482194649, 109808880430729445, 109371887842918185, 109309665893163879, 109434691580938118, 109254650141258768, 109270114592900087, 109797237414702469, 109326866245454143, 109790696298233876, 109366428124497695, 109770448995838974, 109766147425712743, 109764975593128221, 109259181227854511, 317886, 109748202428530709, 109264852417880029, 109751092091579995, 109241839539901617, 109746160944186966, 109743169638537040, 109300451642690213, 109730475238264144, 109730078436564692, 109535285198366466, 109726087932371287, 109721053070063092, 151095, 109714224624421025, 109561676157607470, 109327655866384841, 109678898963103125, 109479335021736124, 109396865662203566, 109677548922438236, 109263569423407373, 109675653228065560, 412474, 109671744755386261, 109671465387661098, 109668433609851767, 109668142216183184, 109549831396155405, 109385144361053887, 109387671044641997, 109662403111453975, 109546774405470009, 109286186970156523, 109360632400966968, 109660574425668193, 109659714954126614, 109387961488292321, 1355287, 135824, 109243328718022482, 109374839473491632, 329785, 109649441549393301, 109563549164246714, 109554766844822564, 106698511527288611, 109638735442419749, 109638715411193590, 109638499244331642, 109541102172909657, 109598208524271578, 109634326817086133, 109598888050010667, 109632740790928923, 109317701711175554, 109630158961516072, 109615135054744182, 109624682650375460, 109521775047621693, 109620472826651836, 109619021159305111, 109296893995114480, 109600324856418028, 109615850160748614, 109245064282981274, 109612851683822731, 109610425081604931, 109417983327581037, 109300660825603449, 109389219305199452, 109321612875399218, 109385329894801336, 991336, 108554444486245752, 109336613120596430, 109432587625947887, 109581230519458059]	Cheminformaticians and Computational Chemists
marquetand	mastodon.social	[110149979465086052, 108096914931537631, 110047481036015157, 109310701034380566, 109529928278920952, 109364953146994078, 109864061403027485, 109783246512856349, 109293738869470997, 109263569423407373, 109668142216183184, 109398210909632309, 109249096570694910, 109624682650375460, 109359703167212307, 109256991300870236, 109377536289047409, 109535018227346229, 109294964899133606, 109291201051989533, 109308145537259318, 109362637272604979, 109309619722586025, 109559815792927643, 109402364664408972, 109561677275925057, 109540669388779399, 109540449266727238, 109504731929239750, 109525291582145190, 109396252701438397, 109309723865762103, 109251910862937504, 109330610542175341, 109466485361631048, 109376686352626125, 109500135467564797, 109465361333962810, 109457064596747958, 44998, 109441396861709629, 109439720555654227, 109432471138295060, 109389270872623013, 109314989941570927, 109422576325348885, 109420754859006392, 109246003251800877, 109416755250695799, 109249212442662341, 109247389689187568, 109288554410033427, 109383848724343249, 109404674524571543, 109364322020682517, 109282962323718568, 107961983154644221, 109394077932108872, 109264989011633615, 109258995066993265, 109259349636889317, 531544, 109377870090143853, 109301982954585802, 109368386264826721, 109382273917967694, 109298205078313928, 109369372729006455, 109381040041447983, 109287249244405493, 109332191530367308, 109329125617503195, 109380117622266582, 109333714218070499, 109331903415234258, 109379350866651987, 109326267989692284, 109377581831106486, 108196596971402807, 109344544961345645, 109249348013409446, 109315645925354553, 109376260664165194, 109290984734676495, 109248296849602898, 109375388525180194, 109363866949542207, 109375098592919378, 109347844898880137, 109372124731171287, 109268216063219360, 109370338122908845, 109371666184605838, 109367087061679917, 109370856991931095, 109364143083669826, 109292441075699284, 109267391612446886, 109329756932762871, 109301030405245554, 109356061792642137, 109365246394730971, 109313770277548923, 109361219015359637, 109364524175109211, 109364175032779950, 109364197953279198, 109312197328571262, 109296245339028998, 109363764117852378, 59133, 109300361756095856, 109315261675092167, 109320911130807863, 109362542232696023, 109288815663766350, 109326364739324332, 109335938026375533, 109294069360635531, 109361049274978400, 109360967904347811, 109304264357154002, 109246002595765726, 109315950988839061, 109322227627117797, 109270857569351737, 109307814342151540, 109329501340353547, 109320248666210921, 109268638493222507, 109291778552120776, 109248398516324797, 109341087663263280, 109338186552370886, 109273417712318912, 109337374709850150, 109246623677897491, 109316050710824530, 109274344185225273, 109314773459158486, 109332013382439107, 109331008367370147, 108180291058621363, 109256715193265869, 109330298524442188, 109324951059805514, 212792, 109330795347389250, 109298656825709998, 109304713348490411, 109325721724020948, 109316639764422431, 109246136667048797, 109328224631766570, 109310799758709490, 109309960292632351, 109265762067414298, 109261721278716950, 109326088833342541, 109253223073597615, 109326527869565337, 109303964397357476, 109271555086834189, 109278912665790481, 109269511524100762, 109321960099545742, 109296970279588335, 109293498508291318, 109324940901975553, 109282859675093810, 109324206604343763, 109244445143737533, 109277528392292471, 109297408564339883, 109244661555245331, 109292262482508990, 109310438745672785, 108136313644156324, 109304962940821933, 109268760266528947, 109317959879123746, 109301479693987294, 109269609754780612, 109287642873993523, 109252350711854872, 108205114447972112, 109280195242751429, 109309006978973955, 109255552660345151, 109307416889711321, 109286605940035510, 108136862577370883, 109306021576103577, 109310156242643827, 109310881923483842, 109291390314054220, 109299335235680954, 109294817365140467, 109246018784846168, 109318752941996649]	Cheminformaticians and Computational Chemists
MolecularXtal	mastodon.social	[110298565370478343, 110288862409242785, 109256225644714892, 110290661421085402, 110272765807497344, 110213200853345590, 110210205997616333, 110201970864219016, 109291496046277760, 109282008063495952, 110188569422671073, 109393316527564277, 110166989114230064, 110149979465086052, 110156474743664338, 108096914931537631, 42515, 110094152148735010, 110051830951015017, 110050772058725656, 110047481036015157, 110046343236738828, 110026814896554654, 109310701034380566, 109533928377602895, 107073643636987210, 109970129706726671, 109945447678635359, 109944752257857613, 109931121606763190, 109926718040580692, 109306757939022074, 109869077362653095, 109511033645508444, 109840329027832108, 108197456037905814, 109341617990444320, 109848142231174817, 108230989312606388, 109310113412728535, 109840107043946100, 109387961488292321, 109816514200479053, 109815243276409601, 109367157413943295, 109801575055795445, 109375388652575302, 108193897525562716, 109795321142684810, 109778630652537539, 109405628286594829, 109750969357938877, 109749531595916162, 109273406446285754, 109746753925678194, 109291562723174501, 108131420726034757, 109279346218275170, 109247459279095464, 109333200559374497, 109236841333737896, 107840808588585528, 109715026326844502, 109712942946613730, 109712809006394671, 109704660108841516, 109292236172055483, 1043417, 109667848299437395, 109313059382848355, 109264870817152777, 109630995343184000, 109659644038576814, 109603383920824527, 106976992891005759, 109376869870947292, 109637286639557800, 72915, 108194848373928426, 109636160221034034, 108201606392045324, 109626215431426213, 109327263286907094, 109359703167212307, 109362112343781537, 109586731210783745, 109615850160748614, 109256991300870236, 109274344185225273, 109366638351966432, 108109313415044733, 109377536289047409, 109354711819144044, 109598159174726691, 109541352287506557, 108199413824397198, 109327846045604049, 109296283364877991, 109295323031061796, 109595548766133097, 109315742821565755, 109589354065409739, 109580658170445783, 109291920281393820, 510714, 109300908296580551, 108210361772341925, 108198738538867621, 109301824768072755, 109364143083669826, 193113, 109309619722586025, 109402364664408972, 109562664974425735, 109561677275925057, 109561676157607470, 109534699912452052, 109552991704842704, 109521719040530911, 109520146042800733, 109525235166173818, 109559815792927643, 60567, 109288677508651226, 964180, 107990518454921286, 109302751815953103, 109337912919630470, 109394469457307806, 109296030357432592, 109370570612983541, 109547516931501127, 109547306565107679, 109433989561671115, 109386087631713389, 108131604772356656, 109546070837616437, 109545967108336363, 109545918472347312, 109311316727258397, 109541777234213308, 109302011626344529, 109479687942787068, 109541102172909657, 109536497826489371, 109540669388779399, 109540531908826358, 109540449266727238, 109450523239240964, 109512943843764183, 109460958402143323, 109539188003646990, 109505764863823442, 109246554904857531, 109539239213152294, 109343267323143284, 109363718146136631, 109380273850684962, 109538052670259697, 109383358345134084, 109375222296232799, 109537095790005507, 109293278819106489, 109525135872646463, 109529789045129531, 109530783072608265, 109256823152272864, 109368421365456938, 109535018227346229, 109290862563692062, 109270768661452337, 109366740309804603, 109463313532001121, 109258567966220167, 109264293753810204, 109522568251794184, 109366900553738516, 108195603193367950, 109324951059805514, 109362150860974394, 108588578057661334, 109330877773621844, 109294964899133606, 109525291582145190, 109529928278920952, 109287240123066902, 109479771497788281, 109528628469646041, 109323478154989138, 109526086785195678, 109525424959382721, 109525401916062535, 109524674807855586, 109364356197585401, 109426716596178033, 109362033840898533, 109286518633111850, 109523709061877528, 109523078893251463, 109439662445566365]	Cheminformaticians and Computational Chemists
margraf	mastodon.social	[946953, 109336851987706232, 110272765807497344, 110191305952044634, 110149979465086052, 110156474743664338, 108096914931537631, 109559744714139880, 7474, 109370671808825448, 110047481036015157, 109365866753540792, 109971738563309437, 109894069644292652, 108197561865957785, 109864061403027485, 109305449446362196, 109301824768072755, 109816514200479053, 109783246512856349, 109257880280153444, 109259181227854511, 109526150395207203, 109293738869470997, 109522042207820660, 109263569423407373, 109365360059973024, 109421751418607759, 109568197567930978, 109359703167212307, 109256991300870236, 109377536289047409, 109595548766133097, 109535018227346229, 109376018605628339, 109294964899133606, 109571316575615786, 109362637272604979, 109309619722586025, 109402364664408972, 109562928577185095, 109561677275925057, 109559815792927643, 109247242786817103, 109547178218166918, 109546070837616437, 109326531123905998, 109243260361549196, 109304545734181661, 109504867664688549, 109540669388779399, 109524255327173902, 109540540417523371, 109540449266727238, 109539188003646990, 109504731929239750, 108130456342199993, 109539360924403630, 109364570532157874, 109538075754826211, 109268999801924676, 109537169544192400, 109537095790005507, 109310881923483842, 109397893993659232, 109529928278920952, 109396252701438397, 109524674807855586, 109523543568525898, 109398210909632309, 4739, 109288286897489974, 109518112182874994, 109517746837666763, 109330610542175341, 108177013618688604, 109466485361631048, 109500135467564797, 109284043467626888, 109311057661004778, 109468009984951362, 109465361333962810, 109431739882472385, 109457064596747958, 109303309019333339, 44998, 108136407590158184, 109443088052755586, 109246154115209261, 109245531519879403, 109389270872623013, 109314989941570927, 109269607068265245, 109420754859006392, 109246003251800877, 109416755250695799, 108181001667516979, 109402392639738878, 109246382700016844, 109246815375952438, 109283999556158269, 109315423576137660, 109256995332417343, 109302558854391029, 107961983154644221, 108133312197922519, 109386714972048725, 109388623562285622, 531544, 109377870090143853, 109301982954585802, 109383848724343249, 109383538389312624, 109280569545879190, 109382273917967694, 109369372729006455, 109381040041447983, 109377004111101146, 109287249244405493, 109332191530367308, 109329125617503195, 109380117622266582, 109333714218070499, 109331903415234258, 109379350866651987, 109326267989692284, 109325719585460115, 109248398516324797, 109378035202827722, 109291831029255270, 109246018784846168, 109377581831106486, 109364515578120356, 109376737026670215, 109344544961345645, 109366552052764150, 109376260664165194, 109324209738039128, 109290984734676495, 109309006978973955, 109248296849602898, 109375098592919378, 109347844898880137, 109361503151233498, 109362968929589293, 109272953498079846, 109371659722970533, 109372124731171287, 109362685299998035, 109371666184605838, 109371017635315166, 109366740309804603, 109371025660878697, 109363118389899201, 109298067350742239, 109262317201103305, 211380, 109264669872686104, 109317374695591621, 109365246394730971, 109293588680870672, 109328992330088982, 109364175032779950, 109364322020682517, 109364197953279198, 109363866949542207, 109312197328571262, 109363718146136631, 59133, 109362617016705530, 109315261675092167, 109354847716946249, 109361049274978400, 109350277811204802, 109249096570694910, 109304264357154002, 109245850035316253, 109308331695767089, 19733, 109292961245538720, 109279163038286946, 109248190838782710, 109345240248146423, 109322227627117797, 109270857569351737, 109347870589357290, 109307814342151540, 109345308952681676, 1183127, 109338196090503949, 109342873144206238, 109291778552120776, 109287752381300774, 109338186552370886, 108279191224841744, 109309723865762103, 109337374709850150, 108522127562254974, 109262336740478746, 109325499057892877]	Cheminformaticians and Computational Chemists
fxcoudert	mastodon.social	[108772405993602191, 187906, 110267413843461405, 110068921406778348, 109535822593274112, 110242458287436571, 109353175911526739, 109895996761515328, 109262317201103305, 109264852417880029, 110187211912970195, 109304173994355526, 109291912396441373, 106127109326945195, 109330323524272947, 110149979465086052, 108096914931537631, 109833708612048246, 110094152148735010, 108198471045632162, 798513, 110077240400281342, 109976435758966971, 109269182066916341, 110047481036015157, 109310701034380566, 109999792761445556, 109361122319779659, 109971738563309437, 109264158555174168, 109309710781925613, 109540990659508416, 109293447219016774, 108289791688821000, 109864061403027485, 109366156411095229, 109794778534398023, 109277251405244047, 109783246512856349, 109764975593128221, 107990518454921286, 109293738869470997, 109613795180281985, 109301824768072755, 109263569423407373, 109671465387661098, 109668142216183184, 109423619142107718, 109273191149133294, 109249096570694910, 38175, 109540531843790436, 109535942513508448, 109256991300870236, 109377536289047409, 108132610055024720, 109299947106102036, 109366901409502499, 109294964899133606, 109541531829524807, 193113, 109309619722586025, 109559815792927643, 109562312910682637, 109561677275925057, 109561255123509335, 109253040665539888, 38838, 109558069092729627, 109296048417638600, 109394469457307806, 109264989011633615, 109540669388779399, 109366740309804603, 109540449266727238, 109504731929239750, 44698, 109539419908428149, 109539263744991103, 109537095790005507, 109251910862937504, 109396252701438397, 109525398807960365, 108198293909184454, 109523237318137275, 109517746837666763, 109510705371755438, 109301224016773231, 109508749101551287, 109256916876947257, 109500135467564797, 109497158520585041, 109355215873516539, 109465361333962810, 109371659722970533, 109456972011214468, 109457064596747958, 44998, 109381563035813155, 1139601, 109426614052376699, 109245531519879403, 109389270872623013, 109314989941570927, 109420848341483421, 109420754859006392, 109246003251800877, 109416755250695799, 109409726932287636, 109406327104465858, 109403076460477448, 109402364664408972, 109394684110668322, 109297935715864184, 109387741210568293, 109386793512646787, 109314539907916235, 531544, 109377870090143853, 109301982954585802, 109383848724343249, 107961983154644221, 109382273917967694, 109369372729006455, 109381260366718720, 109302385932691534, 109381040041447983, 109269604826024697, 109332191530367308, 109329125617503195, 109380117622266582, 109333714218070499, 109355762319022617, 109331903415234258, 109379350866651987, 109326267989692284, 108193860525826771, 109305449444314706, 109376876983407791, 109377581831106486, 109306549759230870, 109364515578120356, 109376605560354701, 109366494237909988, 109246154115209261, 331451, 109375851499236748, 109344008925927558, 109362685299998035, 109344544961345645, 109292589182579153, 109376541139818209, 109374853282901614, 109374592809419047, 109376260664165194, 109376143232753545, 109374750572257370, 109290984734676495, 109309006978973955, 109248296849602898, 109363866949542207, 109375388525180194, 379751, 109297408564339883, 109257870290883574, 109375208616742663, 109296602594474741, 109375098592919378, 109371315912144371, 109347844898880137, 109306251134129438, 109364175032779950, 109372124731171287, 109372429489301989, 109285936143718649, 109370576656578645, 109371495841988054, 109370800711259088, 109281929179881869, 109303095162400125, 109267391612446886, 109370204009123016, 109369057461113640, 109319869451392656, 109368421365456938, 109368930506919130, 109337374709850150, 109367840814186150, 109291831029255270, 109304545734181661, 109265176178917740, 109259045958503776, 109284837466633762, 109362249772763382, 109366497228740002, 62170, 109258509622220652, 109365767331564100, 109293274942595635, 109364382059997738]	Cheminformaticians and Computational Chemists
deadlyvices	toot.wales	[108772405993602191, 110068921406778348, 110149979465086052, 109257880280153444, 110023631275744313, 773451, 108279383756248590, 109258119504438242, 198296, 231816, 13043, 109293758895499988, 109244890175329568, 109515613135295384, 109519689680915471, 109514110925735528, 163292, 109500135467564797, 44998, 481112, 109257856907273175, 108197316049463368, 30710, 107961983154644221, 107990518454921286, 109243695651522323, 531544, 109253103044770842, 109257019015927299, 109248398516324797, 109241992397126854, 109246153972116586, 109213377166929725, 109246018784846168, 108194660440392188, 108074315971139738, 108217404989020191, 29781]	Cheminformaticians and Computational Chemists
lonepair	mstdn.social	[110149979465086052, 7474, 396284, 108136862577370883, 109870945462392844, 109331988308488695, 107990518454921286, 109258567966220167, 108150642470501950, 109243695651522323, 109285485084839831, 559242, 109258545590908987, 109256715193265869, 109513724491101894, 109258693108953224, 109500135467564797, 109251453944116762, 44998, 107961983154644221, 108133312197922519, 531544, 108196596971402807, 109360967904347811, 109356061792642137, 109287937273967924, 109249348013409446, 109248005919031367, 109256713489381935, 964180, 109246154115209261, 109213377166929725, 109259518584381895, 109246018784846168, 109259632962679641, 380885, 109301576856994656, 109259416500320080, 109251910862937504, 109256823152272864, 63617, 108194660440392188, 108176962146415127, 481637, 109258114354099043, 108136313644156324, 109246750567712454, 109259507197160459, 109249096570694910, 109246756551219946, 245868, 109258667587517080, 109243648122700212, 978795, 109245093117943701, 109247762867842589, 108132610055024720, 108197198493223887, 109251716106943694, 109245767030171009, 109255024315962244, 109256084793576936, 109259349636889317, 109245579674157990, 109257438071865861, 108137062828210459, 109250349026571158, 109246153972116586]	Cheminformaticians and Computational Chemists
adafede	mastodon.online	[110063187631542285, 109359125807826680, 109358342601116191, 109500135467564797, 44998, 109245531519879403, 531544, 109248398516324797, 107961983154644221, 19459, 108131899908535411]	Cheminformaticians and Computational Chemists
cthoyt	scholar.social	[110063187631542285, 110149979465086052, 110060356504532714, 110041515233548849, 478928, 109502147674139762, 34588, 109516141129630307, 109259305273231461, 109507783898717434, 7462, 109243637248204289, 531544, 405401, 44998, 109500135467564797, 108130879189516112, 109245531519879403, 107961983154644221, 108133312197922519, 502408, 1150722, 225853, 108131604772356656, 108723725919401467, 109258877062621553, 108132610055024720, 42604, 109246018784846168, 109246899042996047, 109248398516324797, 108131899908535411, 17568]	Cheminformaticians and Computational Chemists
clemensisert	sigmoid.social	[108132610055024720, 109243637248204289, 109502349866550029, 109500135467564797, 109257487168627188, 44998, 107961983154644221, 108133312197922519, 531544, 785845, 108137062828210459, 109249601036290848, 109243695651522323, 109246153972116586, 109246750567712454, 108194660440392188, 109213377166929725, 109248005919031367, 109246899042996047]	Cheminformaticians and Computational Chemists
rguha	nerdculture.de	[110191460630526784, 109252235052978846, 109359703167212307, 901818, 109503217915247284, 109243637248204289, 109241585169823017, 109500135467564797, 109251453944116762, 44998, 107961983154644221, 108133312197922519, 531544, 140032, 109246153972116586, 109244342687561383, 109246018784846168, 109257019015927299, 109248398516324797, 109251910862937504, 108217621113663787, 109252880783720451, 108194660440392188, 108136313644156324, 109191189677729889, 108132610055024720, 109246815375952438, 109256823152272864, 108222947324934281, 109248005919031367, 109243695651522323]	Cheminformaticians and Computational Chemists
markussitzmann	mastodon.social	[110298642063248710, 110263309243768977, 110063005254558567, 110063187631542285, 110047481036015157, 109297017871033995, 109931121606763190, 109298492727430561, 109833708612048246, 109254650141258768, 109764975593128221, 109263569423407373, 109668142216183184, 109522218688952700, 109423834483893731, 109402364664408972, 109256991300870236, 109377536289047409, 109586864380454617, 109277493674437314, 109498718146874225, 109309619722586025, 109561677275925057, 109365747935504866, 109512202522159144, 109247242786817103, 109546070837616437, 109500451397079147, 109536986327188847, 109524255327173902, 109540449266727238, 109539360924403630, 109503217915247284, 109537095790005507, 109379539153341766, 109243637248204289, 109525398807960365, 109525428133567210, 109433989561671115, 109415457466670744, 109251910862937504, 109518112182874994, 108177013618688604, 109502152110345160, 109246966827101070, 109313420143652551, 109500135467564797, 109465361333962810, 109457064596747958, 109251453944116762, 44998, 108136407590158184, 108197657694695090, 109245093117943701, 109416190877081249, 109389270872623013, 109314989941570927, 332025, 109373674751657222, 109273396923834991, 109298727911326316, 109348254771850812, 109257019015927299, 109261462278137556, 464773, 109256876809796644, 109420754859006392, 109246003251800877, 109416755250695799, 109303454765854446, 109318423178521764, 204788, 109408989730650846, 109332158369279154, 109246136667048797, 109246815375952438, 109291396117488631, 109252314584321913, 108133312197922519, 109250750978069349, 109259349636889317, 531544, 109249953659133159, 109321612875399218, 109356046888980465, 109382273917967694, 109369372729006455, 109381040041447983, 109332191530367308, 109287357246699869, 109329125617503195, 109380117622266582, 109333714218070499, 109331903415234258, 109379350866651987, 109306021576103577, 109326267989692284, 109246153972116586, 108198656757275186, 109377581831106486, 108137062828210459, 109337884471900781, 109344544961345645, 109290984734676495, 109248296849602898, 109291778552120776, 109375388525180194, 109375098592919378, 109347844898880137, 109364175032779950, 109372124731171287, 109246382700016844, 954913, 109365602275676707, 109315261675092167, 109361049274978400, 109360575155303116, 109304264357154002, 107961983154644221, 109267699897082330, 109322227627117797, 109307814342151540, 108194557723056475, 212792, 109213377166929725, 109191189677729889, 109243695651522323, 109325698650693404, 109338186552370886, 109296722030923000, 108132996445004333, 109326088833342541, 1357488, 109296515514812475, 109290811838125789, 107820909616488135, 108132042212839516, 109324206604343763, 109246018784846168, 109271687810971095, 109304366849286127, 108136313644156324, 109302038370613838, 109310170479466573, 109309006978973955, 109304698017176648, 109256823152272864, 109291933840472467, 109256916876947257, 108179992550351395, 109269171973126212, 108194660440392188, 108132610055024720, 108193000110674127, 109290987845026279, 109281498364350180, 109245579674157990, 109263241522234829, 480252, 109248005919031367, 108222947324934281, 514721]	Cheminformaticians and Computational Chemists
janhjensen	mastodon.social	[109355432554709723, 110213277091918388, 109350277811204802, 110207615275049993, 110149979465086052, 108096914931537631, 110097248536641376, 110047481036015157, 109533710524216193, 109357861413428055, 109310701034380566, 109967650093472535, 109909642125992389, 109541631602077060, 109869077362653095, 109864061403027485, 106630769230425156, 109528949908208828, 109359488983708659, 109263541105267818, 109387961488292321, 109275879621272962, 109319433565602403, 109254650141258768, 109800263908111853, 108132996445004333, 109378489184024411, 109764975593128221, 109259181227854511, 109363764117852378, 107598220126106463, 109721306742970454, 109717567938898828, 109712240090513607, 109418876621733448, 109696264883507331, 109521719040530911, 109670649718635351, 120257, 109668142216183184, 109328049178851213, 109360632400966968, 109634299107400392, 109249096570694910, 109627794993168282, 109626747226914096, 109302549561952545, 109521537250250952, 109256991300870236, 109612851683822731, 109274344185225273, 1374910, 109377536289047409, 107821576373128312, 109586864380454617, 109595548766133097, 109536798310671879, 109589354065409739, 109294964899133606, 109572011667496797, 109558174313615888, 109273208423749738, 109368421365456938, 193113, 109309619722586025, 109457064596747958, 109325477560443539, 109329512032543855, 109316125507794339, 109341324509101947, 109561677275925057, 109561255123509335, 109559815792927643, 109244878628435597, 109394469457307806, 109275636637295988, 109335573013536818, 109555642089755627, 109555199071914304, 109554329595934713, 109412093195571430, 109546070837616437, 109545967108336363, 109431849700350747, 109500451397079147, 109539239213152294, 109536936205644965, 109536986327188847, 109542593932227510, 109293435481685960, 109540669388779399, 109324668413287674, 109540449266727238, 109540235133226278, 109539690114348574, 109538325944420249, 109538075754826211, 109363349223065412, 109537618548691354, 109362518285528557, 109293588680870672, 109422873806280414, 109522304198830761, 109537118319938269, 109537095790005507, 109299808603066353, 519858, 109344851348971254, 109536936113225301, 109374783807993852, 109536879659363204, 109521877928405434, 109281241873541742, 109291906390090639, 109365289203006675, 109371887842918185, 109536257560210163, 109291933840472467, 109286155033520889, 109525202314405725, 109406637065678840, 109256715193265869, 109536106203504196, 109286545376090456, 109498934601937491, 109533187796682957, 109531218646901757, 109525291582145190, 109243637248204289, 109529928278920952, 109307602757120117, 109529703669812652, 109303913005488485, 109396252701438397, 109525428133567210, 109525398807960365, 109433989561671115, 109525135872646463, 109524674807855586, 109524663887638015, 109472982338567296, 109301784996208911, 109524038517469558, 109507581016853098, 108131899908535411, 109299616337824236, 109522482064352695, 109282112192451765, 109522042207820660, 4739, 109318494414750328, 109368399700696148, 109364239538387542, 109286096178470688, 109363325727448959, 109300501248439966, 109518112182874994, 109300294258753287, 108194530846542240, 109301224016773231, 109402364664408972, 109368097198649773, 109498240053820738, 109508977461694496, 109507248448403738, 109450207592928836, 108177013618688604, 109501248356311852, 109254608522242733, 109277859091941717, 109327336643977119, 109502152110345160, 109502079889568689, 109246966827101070, 109501594223887253, 109500135467564797, 109494865400959918, 109496516061958298, 109305557632749726, 109377665703396563, 109468009984951362, 109471859917940651, 109330881632424650, 109274031476605369, 109465361333962810, 108231708836017205, 109457449015201667, 109456568627268213, 109373674751657222, 109291916279462295, 44998, 109411531749207226, 109298472440517492, 109269609754780612, 109292344493322896, 109439720555654227, 109354128033856894, 109275732428703408, 108210361772341925, 108194603582749219]	Cheminformaticians and Computational Chemists
khinsen	scholar.social	[110063187631542285, 39650, 109251896869099686, 478928, 109252580992154839, 35317, 36521, 109840329027832108, 109355285217961768, 1035033, 109251699874918872, 109521092989314286, 106936489165137686, 109405628286594829, 799971, 303085, 109247459279095464, 108131420726034757, 31253, 109242018903457783, 149447, 109338969551597636, 72915, 109244905307403884, 292026, 109257870290883574, 259798, 332709, 28773, 108132610055024720, 36599, 109246554904857531, 524702, 108130456342199993, 109252084520567369, 32471, 28948, 20039, 109316834326959149, 109256994015489611, 109259004639509481, 109501188249816806, 109500135467564797, 109252880783720451, 108130879189516112, 109246203830224088, 44998, 6564, 108195641953867618, 109259634045087300, 801531, 108216972189391481, 108219153777910954, 251479, 472759, 109259382262082696, 109356061792642137, 531544, 109250498351931248, 109244426587899179, 109252235052978846, 109250129498746056, 1139189, 515838, 109248320320276845, 107961983154644221, 109241992397126854, 387222, 957361, 7450, 108194660440392188, 108370085835795388, 108243468552807531, 1031368, 108233583591527707, 108194821340947308, 262096, 109257957418165533, 109258448964446752, 39785, 109249643504294545, 40261, 109248333057943587, 109242391519437503, 35327, 463511, 109247699745955482, 109248318315169656, 108262011720829669, 109253012425842550, 34105, 108131604772356656, 109251901600513961, 109235131685878419, 109257705614751288, 109253480341341786, 109247393350717484, 108196536360895953, 109252350711854872, 395704, 109240528953944605, 109226011749982541, 109221633345795268, 15500, 18196, 108723725919401467, 1051331, 37907, 41804, 15009, 81192, 108217928660977505, 108054448554268552]	Cheminformaticians and Computational Chemists
kottmann	qubit-social.xyz	[108138106018616485, 109500135467564797, 44998, 107961983154644221, 108133312197922519, 531544, 108136862577370883, 108180291058621363, 109255066950685233, 108179134864020516, 109248426475799869, 109259507197160459, 109247762867842589, 109213377166929725, 785845, 108243856535856081, 109258667587517080, 109253223073597615, 108143440210384144, 108194521925377979, 109246153972116586, 108132610055024720, 108217621113663787, 109259143530209912, 108137062828210459, 109246222794491702, 109208579863927966]	Cheminformaticians and Computational Chemists
johnpoverington	mastodon.social	[109747285566476921, 109254650141258768, 109764975593128221, 109263569423407373, 109668142216183184, 109402364664408972, 109256991300870236, 109377536289047409, 109246966827101070, 109457064596747958, 109502152110345160, 109309619722586025, 109561677275925057, 109335573013536818, 109257957418165533, 109540449266727238, 109537095790005507, 109525398807960365, 109256916876947257, 109501248356311852, 109500135467564797, 109465361333962810, 44998, 109264852417880029, 109389270872623013, 109314989941570927, 109420754859006392, 109246003251800877, 109191189677729889, 109416755250695799, 107961983154644221, 531544, 109338186552370886, 109382273917967694, 109369372729006455, 109381040041447983, 109332191530367308, 109329125617503195, 109380117622266582, 109333714218070499, 109331903415234258, 109379350866651987, 109326267989692284, 109377581831106486, 109344544961345645, 109309006978973955, 109290984734676495, 212792, 109248296849602898, 109375388525180194, 109375098592919378, 109347844898880137, 109364175032779950, 109372124731171287, 109365602275676707, 109315261675092167, 109361049274978400, 109299206671040296, 109307814342151540, 109324206604343763, 109298191907916217, 109290811838125789, 109272945884744995, 109345329000942422, 109304264357154002, 109295059154482296, 109294592038227487, 109297666543584617, 109246136667048797, 109280195242751429, 109248005919031367, 108222947324934281, 109248398516324797]	Cheminformaticians and Computational Chemists
bzdrazil	qoto.org	[109967650093472535, 109257019015927299, 109931121606763190, 109504710144171282, 109500135467564797, 44998, 108136313644156324, 107961983154644221, 531544, 109248398516324797, 501276, 108137062828210459, 109248005919031367]	Cheminformaticians and Computational Chemists
alexeyorlov	qoto.org	[110149979465086052, 109500135467564797, 44998, 107961983154644221, 531544]	Cheminformaticians and Computational Chemists
drugilsberg	masto.ai	[109971738563309437, 109500135467564797, 44998, 107961983154644221, 531544, 108137062828210459, 109248005919031367, 109248398516324797, 109246018784846168, 108132610055024720, 109213377166929725, 109246153972116586, 109254865151680729, 108194660440392188]	Cheminformaticians and Computational Chemists
mattschap	fediscience.org	[110213277091918388, 110191460630526784, 108132610055024720, 214973, 109244814885480884, 109500135467564797, 44998, 108194307694818557, 107961983154644221, 531544]	Cheminformaticians and Computational Chemists
lilyminium	mastodon.social	[110149979465086052, 108096914931537631, 109747285566476921, 109764708701276129, 109263569423407373, 109668142216183184, 109327263286907094, 109256991300870236, 109377536289047409, 109598116302256614, 109294964899133606, 109520229016460037, 109305724003593184, 109309619722586025, 109559815792927643, 109402364664408972, 109561677275925057, 109244878628435597, 108136313644156324, 109540669388779399, 109541531829524807, 109540449266727238, 109294017984980651, 109537095790005507, 109430357131137342, 109353791509051741, 109364856238676445, 44966, 109251910862937504, 4739, 360292, 108177013618688604, 109500135467564797, 109465361333962810, 109374579436293034, 109299261311844777, 109288554410033427, 44998, 109310449015587011, 109389270872623013, 109314989941570927, 109308145537259318, 109420754859006392, 109246003251800877, 109416755250695799, 107961983154644221, 109353171981301261, 109364143083669826, 531544, 109377870090143853, 109338186552370886, 109301982954585802, 109248398516324797, 109382273917967694, 108137062828210459, 109298205078313928, 109369372729006455, 109381040041447983, 109312197328571262, 109287249244405493, 109332191530367308, 109363828777039278, 109329125617503195, 109286605940035510, 109380117622266582, 109333714218070499, 109331903415234258, 109379350866651987, 109326267989692284, 109377581831106486, 109344544961345645, 109309006978973955, 109290984734676495, 212792, 109248296849602898, 109375388525180194, 109375098592919378, 109347844898880137, 109365428371601714, 109364175032779950, 109306021576103577, 109298832185431640, 109372124731171287, 109291390314054220, 109289026027121815, 109244814885480884, 109365602275676707, 109293016449082418, 109365246394730971, 109364197953279198, 109324206604343763, 109254865151680729, 109324694338409104, 108132610055024720]	Cheminformaticians and Computational Chemists
vtemarticent	mstdn.science	[]	Cheminformaticians and Computational Chemists
ChemProfCramer	mstdn.science	[109864061403027485, 109846746610948402, 41825, 109503384300115399, 108194698448048379, 109503378930246269, 109502079889568689, 109500487961997462, 108243340664949652, 135824, 109257957418165533, 107961983154644221, 109259106770656681, 531544, 245868, 108193827266546898, 108195944774547210, 109243877210727391, 109259349636889317, 39673, 108136313644156324, 108217621113663787, 109191189677729889, 109255066950685233, 108197198493223887, 109258114354099043, 109254974242244205, 109256427258647455, 109245579674157990, 108243856535856081, 108133312197922519, 109250349026571158, 109249348013409446, 109360967904347811, 480252, 108176962146415127, 109245767030171009, 109243695651522323, 109247389689187568, 109257438071865861, 109246018784846168, 108130456342199993, 108132610055024720, 109245093117943701, 109242963889148246, 276336, 109249601036290848, 41487, 109255024315962244, 264203, 109246750567712454, 978795, 108194786055257254, 109301576856994656, 109258667587517080, 109244238517918257, 109213377166929725, 109257880280153444, 109246153972116586, 109250386931270967, 109247762867842589, 108194660440392188]	Cheminformaticians and Computational Chemists
ghutchis	mastodon.social	[109361965042846698, 110262812864256181, 109457064596747958, 110149979465086052, 108096914931537631, 109549831396155405, 109521719040530911, 110047481036015157, 109310701034380566, 109292559642104601, 109335529236543246, 5236, 106630769230425156, 109823972171828657, 109246154115209261, 109376398260699974, 109371887842918185, 109803041990167527, 108202887591432795, 109324563405317265, 109254650141258768, 109498934601937491, 109791356978732238, 109439720555654227, 109783246512856349, 109764975593128221, 109362903660829350, 109450064422117716, 107990518454921286, 109452782385378092, 109694670981520325, 109263569423407373, 109668142216183184, 109360632400966968, 109387961488292321, 109644530750179867, 109308611368268290, 109630995343184000, 109325477560443539, 109612851683822731, 108150642470501950, 109615850160748614, 109256991300870236, 109377536289047409, 109558378544331349, 109310656161631408, 109292147921875411, 109277493674437314, 109294964899133606, 109366740309804603, 109572011667496797, 109525398807960365, 109309619722586025, 109378122797027347, 109402364664408972, 109561677275925057, 109355200404576424, 109559815792927643, 109244878628435597, 414587, 109249953659133159, 109335573013536818, 109554329595934713, 109290804795309733, 109299206671040296, 109503491357737713, 109546070837616437, 109318423178521764, 109296030357432592, 109536986327188847, 109340583873707622, 109540669388779399, 109541102172909657, 109296071760685233, 109540449266727238, 109504731929239750, 108130456342199993, 109521754083980652, 109362518285528557, 109537095790005507, 109291906390090639, 1022665, 109330256841812471, 109527547937670968, 109364856238676445, 109529928278920952, 109243637248204289, 109396252701438397, 109525428133567210, 109439006663980232, 109524674807855586, 109523543568525898, 109251910862937504, 109518112182874994, 109508977461694496, 109330610542175341, 109507345069522002, 108177013618688604, 109502152110345160, 109501823378699612, 109502079889568689, 109246966827101070, 109345240248146423, 109500451397079147, 109500135467564797, 324708, 109471859917940651, 109465361333962810, 109336879388206949, 109376838132287018, 109305489827393713, 785845, 109426056682886570, 109373674751657222, 109390498238368189, 44998, 108136407590158184, 109310057762027929, 109249601036290848, 109244445143737533, 109292344493322896, 109245531519879403, 109389270872623013, 109314989941570927, 109321612875399218, 109420754859006392, 109245520670797642, 109246003251800877, 109416755250695799, 109375098592919378, 109320453965359142, 109288682711762457, 109280195242751429, 109332158369279154, 109291769249703640, 109365132912983775, 109394048528374373, 109292580255054119, 109333707683126853, 109310438745672785, 109290498216575392, 109365362717024414, 109353175911526739, 109258241538631985, 109258567966220167, 109246815375952438, 109282962323718568, 109243572799266690, 107961983154644221, 109262853965631947, 109264989011633615, 109293588680870672, 109370921358164475, 109383358345134084, 109383848724343249, 109300361756095856, 109336162786080759, 109294941388267598, 531544, 109367087061679917, 109377870090143853, 109338186552370886, 109301982954585802, 109384148227224233, 109329501340353547, 109382273917967694, 109298205078313928, 109369372729006455, 109381040041447983, 109377004111101146, 109287249244405493, 109359703167212307, 109375586364352434, 109332191530367308, 109380117622266582, 109333714218070499, 109355762319022617, 109331903415234258, 109379350866651987, 109377053957211528, 109326267989692284, 109286888312766327, 109377581831106486, 109376979672494293, 109376700595906581, 109376260664165194, 109246623677897491, 109347844898880137, 109361255895087147, 109371666184605838, 109372510300859797, 109371659722970533, 109277589459176879, 109368049813808356, 109362637272604979, 109367737049910416, 109367580106054105, 109365777116708711, 109364322020682517, 109312197328571262]	Cheminformaticians and Computational Chemists
karnparmar	mstdn.science	[110149979465086052, 109500135467564797, 44998, 107961983154644221, 531544, 108132610055024720]	Cheminformaticians and Computational Chemists
macinchem	sciencemastodon.com	[110064671446669278, 109967650093472535, 109254650141258768, 108197191014843939, 109246154115209261, 109359488983708659, 109504710144171282, 109501248356311852, 109500135467564797, 44998, 109258567966220167, 108136313644156324, 531544, 107961983154644221, 109360295779559163, 109249953659133159, 109213377166929725, 108137062828210459, 109248005919031367, 109256823152272864, 109248398516324797, 109246018784846168, 109246153972116586]	Cheminformaticians and Computational Chemists
giribio	mas.to	[110149979465086052, 109500135467564797, 44998, 107961983154644221, 531544, 109246018784846168]	Cheminformaticians and Computational Chemists
bjonnh	mastodon.social	[110010123179543757, 109573787777318747, 109245398248292785, 110259909786575374, 110103218157729413, 110231609068292545, 109260599251679621, 110079256504507570, 110215054304175358, 109286383503758480, 109325732872687140, 1145480, 109367429416286322, 109247398697341845, 109365594465783267, 110047481036015157, 109689968331051533, 109984190960994281, 109262926645598160, 109931121606763190, 1143418, 74860, 109271975748875840, 109395115400838565, 109852760857640702, 109365636117615142, 109375388525180194, 109295595524289727, 859347, 109333199393422115, 109740470087203055, 109700825998830352, 109344520855166161, 109306887662557056, 109263569423407373, 109377536289047409, 109671465387661098, 109668142216183184, 109456530245069965, 109237638243937525, 109298234653737438, 109329401030199964, 109253643788902271, 109616942180567097, 109310299766106303, 109402364664408972, 416787, 109256991300870236, 109394553614571998, 109602385888660866, 109598641921127607, 109564691847511377, 109309619722586025, 109561677275925057, 109539704715940094, 109541755577490977, 109541596051828736, 109540449266727238, 109537095790005507, 109531465324934372, 109531388809120668, 109524594965999855, 109265183207597281, 109491618371715869, 109291057162579398, 109500135467564797, 108292393710281589, 109298728051148516, 109258241538631985, 109314064363644448, 109301824768072755, 109343310872605671, 109470191900956700, 109250718884653006, 166366, 109261015287389600, 109465361333962810, 109289324525791714, 109303888190600345, 109433315163241122, 109317077764756381, 109296283364877991, 109179046157052889, 109365446677562511, 44998, 68211, 109310748707045366, 109261894859034731, 105609, 42810, 109333130583915111, 107909616669852316, 584372, 109251402134902620, 109371446392358777, 109389270872623013, 109314989941570927, 109292044484144842, 109420754859006392, 109366331943486555, 109246003251800877, 109416755250695799, 109309759041737217, 108137062828210459, 109246412292589428, 109237360629678411, 98677, 109394441419406823, 109251886904079015, 559242, 109248005919031367, 109256916876947257, 109395778947551555, 108132610055024720, 109249953659133159, 109329756932762871, 109361049274978400, 109291778552120776, 109377058469445307, 891454, 109382364099247525, 109330298524442188, 108194660440392188, 109323009225435263, 108198498173545936, 108575628787827997, 109286300625529981, 610387, 109265259175303767, 109264144504126082, 109274178015163770, 109366239024988265, 109243645906342870, 478129, 109269689762906215, 432579, 109308165880210007, 109246018784846168, 531544, 109384725023006453, 109338186552370886, 109375098592919378, 109352953507731418, 109382273917967694, 109301599517222654, 109369372729006455, 109381040041447983, 109332191530367308, 109292093494742547, 109380117622266582, 109333714218070499, 109331903415234258, 109295883245781109, 109379350866651987, 109326267989692284, 109377057264921020, 109298383936482343, 109301621163343761, 227000, 109248398516324797, 108131899908535411, 109286812548446477, 109268464163070820, 109290216358047936, 109269409146624298, 109325249678358012, 1357488, 142735, 109296974174985442, 796299, 1406615]	Cheminformaticians and Computational Chemists
marcofoscato	mastodon.social	[109931121606763190, 109817196396238107, 109263569423407373, 109668142216183184, 109402364664408972, 109256991300870236, 109377536289047409, 109309619722586025, 109561677275925057, 109540449266727238, 109537095790005507, 109501248356311852, 109500135467564797, 109465361333962810, 44998, 109259188525258024, 109420754859006392, 109246003251800877, 109416755250695799, 109400166200390328, 107961983154644221, 531544, 109338186552370886, 109248398516324797, 109375098592919378, 109382273917967694, 109324206604343763, 109377285941243889, 109263541105267818, 109294817365140467, 108132610055024720]	Cheminformaticians and Computational Chemists
LukasFriedrich	mstdn.science	[108217621113663787, 531544, 107961983154644221, 109254865151680729, 108137062828210459, 109213377166929725, 109248398516324797, 109246018784846168, 109248005919031367, 108194660440392188]	Cheminformaticians and Computational Chemists
wpwalters	masto.ai	[109967650093472535, 109241585169823017, 109520229016460037, 108197191014843939, 109248578108503061, 109501248356311852, 109504710144171282, 109359488983708659, 109500135467564797, 44998, 531544, 109248398516324797, 108137062828210459, 109213377166929725, 109246018784846168, 109248005919031367, 109256823152272864, 108194660440392188, 108132610055024720, 109249953659133159, 107961983154644221, 108136313644156324]	Cheminformaticians and Computational Chemists
jannisborn	social.dev-wiki.de	[109500135467564797, 44998, 109249953659133159, 107961983154644221, 109248005919031367, 109213377166929725, 109246018784846168, 109248398516324797, 108137062828210459, 307919, 109216601389317009, 108132610055024720, 108194660440392188]	Cheminformaticians and Computational Chemists
ernest_chemist	mastodon.sdf.org	[44998, 107961983154644221]	Cheminformaticians and Computational Chemists
baoilleach	mstdn.science	[108197191014843939, 109967650093472535, 108133312197922519, 109501242269615908, 108193293735439740, 109243637248204289, 109360967904347811, 109251453944116762, 109248005919031367, 108131899908535411, 108176962146415127, 109504710144171282, 109246815375952438, 109501248356311852, 109259507197160459, 109244238517918257, 109248398516324797, 109246153972116586, 109254608522242733, 108132610055024720, 109257019015927299, 109359703167212307, 109245579674157990, 108194660440392188, 109256823152272864, 109191189677729889, 108136313644156324]	Cheminformaticians and Computational Chemists
ChemITnerf	sigmoid.social	[108132610055024720, 109243637248204289, 108131899908535411, 394515, 109244814885480884, 109501248356311852, 108137062828210459, 108194660440392188, 109248398516324797, 109248005919031367, 109246899042996047, 109256823152272864, 108231708836017205]	Cheminformaticians and Computational Chemists
gmattedi	mastodon.social	[109764975593128221, 109263569423407373, 109668142216183184, 109402364664408972, 109379350866651987, 109256991300870236, 109377536289047409, 109525398807960365, 108132996445004333, 109309619722586025, 109561677275925057, 109257957418165533, 109309877374481978, 109540449266727238, 519858, 109537095790005507, 109251910862937504, 109248005919031367, 109246136667048797, 109324206604343763, 109408989730650846, 109244814885480884, 109264293753810204, 108177013618688604, 109373674751657222, 109304366849286127, 109256823152272864, 109502152110345160]	Cheminformaticians and Computational Chemists
