mia	hcommons.social	[479177, 110229976503942138, 131133, 38621, 110128881170754187, 109259767263382301, 109115729770864468, 110055902064135403, 333637, 108136452136240694, 110032463500202228, 31104, 109994215431894244, 34541, 109960502700228426, 109950874350510725, 490445, 109845298550366701, 109259250400315879, 158789, 109858469575989189, 109875423861040803, 109511033645508444, 109842130230222234, 418391, 109806656259798342, 27378, 109247819385807515, 17568, 109360043505506587, 108245723457268935, 7011, 109367247342771576, 109514468038986333, 109504304569167871, 109258155870052352, 13867, 109243668825210826, 41825, 299638, 7651, 108197443916963681, 896389, 106930336998831130, 151177, 293267, 19320, 109245987551645813, 109244846768576496, 109251841864031096, 109251624347269044, 109241397693917395, 109245520670797642, 108515646794296124, 16106, 42825, 109246563882110627, 109245642682736670, 109502029654951912, 22743, 109244694042267180, 8604, 599559, 15602, 108193254639199580, 108193931816925454, 109355689615913403, 396605, 14915, 109246554904857531, 414324, 108131604772356656, 109382760086590972, 408959, 108194791493448408, 109497032329893013, 17576, 109259334169562994, 15751, 16554, 109359284802822351, 108198421805945111, 109386419741079896, 109354614709841195, 109247712952305913, 109259110378575854, 109508339717887147, 16163, 108195282525790718, 2500, 39511, 109355573557983000, 108193039453440669, 26699, 109259634045087300, 528723, 109208627247067190, 109242713911758871, 109356586414850685, 14838, 1072884, 19522, 109252580992154839, 108195046425770204, 109245531519879403, 19311, 531544, 478928, 44606, 109257608615179911, 109246806152038849, 15626, 16393, 214232, 109256504965010875, 108197550408617964, 109353628752098901, 109247849475109101, 109243139631965273, 35611, 109352917123724649, 109244794176747851, 108279780058040080, 109352898803555942, 36568, 299464, 109270948508912311, 19361, 108194751059611267, 407913, 108138192930105044, 109250712401769167, 595671, 20157, 109337283812265216, 108197951076579152, 109331788576285441, 45861, 107639544306208866, 109247411153111818, 109254492774120659, 216919, 108131303002922302, 515251, 109259055667399940, 109258175802958946, 1015, 109255792204921699, 109258042641030432, 109313136369105797, 848514, 419738, 108405028215495798, 464081, 109262577591821394, 109309504886369476, 108623610470514994, 464233, 109245571512940777, 109259927125464714, 18305, 356453, 19159, 13043, 108193378367391467, 319396, 98310, 108196907964717079, 108199224197627587, 7053, 109236594899686546, 109237932196142664, 436195, 109245476923789907, 554558, 109244211489275386, 189853, 1148031, 465026, 108288941830082495, 109257544186297356, 28059, 109244787663655386, 109228566177480948, 109247219736728009, 393184, 109240836903731386, 38154, 109242493568189137, 109251993698453396, 109251556044783486, 365981, 108194334941087561, 109241450002149226, 46007, 108719691186145846, 109286669584107905, 18274, 109259855425926327, 108193519544324091]	Crowdsourcing in Cultural Heritage Citizen Science
siobhan_leachman	mastodon.nz	[109994215431894244, 109990698497157881, 109950874350510725, 109909652311794361, 109842716903527427, 337157, 109251809036751357, 109257855856437543, 109358544043904637, 1061708, 364042, 1007891, 599559, 109358126007126327, 108195282525790718, 221914, 32696, 107173968727704627, 109259658853432393, 109246637102926698, 108239116287333845, 109331776093990272, 15751, 108194041137471139, 109520977302259721, 109243329645790227, 12171, 108081813552823517, 417096, 108249558143368583, 19652, 478928, 109252506776622818, 559242, 107308443140421509, 109252580992154839, 20157, 107215301464188384, 893654, 108247263421188775, 17568, 478044, 108193931816925454, 108163375349078422, 108198620944845727, 505775, 109360473432334702, 14838, 19930, 109355943162567640, 502408]	Crowdsourcing in Cultural Heritage Citizen Science
julsraemy	hcommons.social	[397903, 110053142446766691, 110188569422671073, 110050772058725656, 333637, 109259767263382301, 109845298550366701, 109840329027832108, 109834069894154836, 109832992281914534, 109405628286594829, 1139739, 108131420726034757, 109247459279095464, 107840808588585528, 109243668825210826, 72915, 109516141129630307, 208399, 109246554904857531, 109259334169562994, 16163, 109386419741079896, 109504317977438816, 109501188249816806, 109252880783720451, 2500, 109246203830224088, 109359456607544242, 109296856285484828, 19930, 108195046425770204, 108222579241579049, 109245531519879403, 848514, 531544, 19525, 108219153777910954, 109244586809421959, 108515646794296124, 15626, 109246179318293109, 214232, 109245667171379232, 478928, 368878, 109246537530292465, 19361, 293267, 108163375349078422, 109245987551645813, 1121133, 108131899908535411, 109247849475109101, 109246298896374050, 282326, 108197873928425950, 34236, 109246563882110627, 108199281502070458, 35799, 863777, 1148031, 108193378367391467, 109251993698453396, 108279780058040080, 109247708861591038, 1023173, 109247681754066994, 1138668, 109247219736728009, 393184, 18305]	Crowdsourcing in Cultural Heritage Citizen Science
claire_boardman	mstdn.science	[]	Crowdsourcing in Cultural Heritage Citizen Science
benwbrum	hcommons.social	[158789, 16106, 109845298550366701, 489213, 599559, 109378122797027347, 109243668825210826, 109380429389445795, 109292742831139872, 109256325783998026, 108198704692509177, 109246554904857531, 16163, 109240376837119749, 109252580992154839, 109241538732270049, 109246538520131012, 38621, 109503033521006033, 109268406823374089, 109259447006808831, 449705, 109358155987942909, 582135, 521140, 109349303219266656, 109247712952305913, 109255230879063178, 109246963493225492, 108176559827658279, 109365613920001319, 1072884, 109247819385807515, 34868, 109258175802958946, 109385144361053887, 531544, 72430, 109258150625978994, 16393, 108221818435278143, 109244787663655386, 109257823609144517, 108222579241579049, 109359173981794042, 15626, 109247849475109101, 109337283812265216, 109258162182375282, 108249106013752343, 108195998494935366, 108195946556804099, 109246246484464691, 108403940379538442, 109245550009131137, 332561, 109259522841545413, 109259931564212295, 109244878628435597, 109246120984435842, 109258700025626017, 28059, 108196945492568976, 109256917380465819, 109258841967260524, 236466, 109252701444943265, 436195, 478928, 109259131421844727, 109255827296489530, 109291481390147996, 109251573357720776, 109258782157110936, 109241995804981879, 108197214758969294, 109245535247047306, 108197550408617964, 483885, 109249658402510624, 109258586002396811, 109256288710936152, 109258735960942520, 109257050230682455, 478964, 109253792537270451, 108199281502070458, 109246929382991865, 108198620944845727, 109259055667399940, 109259111007178293, 109259567968547686, 109250467311834639, 19311, 109259743076912247, 396605, 146021, 109256906323204875, 108194111349566214, 109252174589596169, 109246336754006585, 109253005010515849, 109259738495981019, 109259927125464714, 46007, 108194365870640555, 108227814837493933, 1138668]	Crowdsourcing in Cultural Heritage Citizen Science
cogries	sueden.social	[110178884997343888, 333637, 109978261704996014, 108239349117560863, 332621, 108196965407361484, 1078390, 107585911261542651, 643099, 109246903518810180, 109246794984203739, 109252572109794962, 109252529191709032, 109525244154824918, 109244541611212393, 109244717797639501, 109246554904857531, 466081, 109251251457549307, 109253830749202754, 109247712952305913, 109499356486987813, 109245460401089108, 109502298630305508, 8001, 109491327846870518, 108197106201101224, 108198407156769366, 109259110378575854, 108283358437275989, 108198620944845727, 108147087055662876, 108515646794296124, 109246806152038849, 109257724390007889, 479679, 109251329915822803, 109256546398017985, 108233299823492864, 109252199215914762, 108196967936934397, 1093699, 109253654307358400, 108236448510401627, 109358343475325940, 108196706676050344, 1137475, 528723, 109313583679608371, 109355943162567640, 109358170050668899, 109358652426199307, 476801, 160976, 108260733248465479, 109251982776645859, 332620, 109252737171869062, 109250712401769167, 500134, 108271861421668562, 109246432678838036, 1007156, 109337283812265216, 507177, 109257542135853175, 109245075171162375, 108083772128836742, 109244857520291781, 108225028615911779, 108345531394969657, 108555934102615464, 108197443916963681, 107814265411104997, 107798738831987889, 108452481990002195, 504685, 479388, 108131303002922302, 6422, 1093091, 109242938066235229, 483885, 848514, 1069483, 109251624347269044, 108196625173491078, 109315522159207059, 34236, 109244884782512655, 109290738792896257, 109245375103612131, 107807548305575477, 10766, 1004551, 471016, 108197016015204711, 36556, 108199391558391617, 858751, 109247754371125281, 109243814585687683, 109244340888630282, 108337165669155760]	Crowdsourcing in Cultural Heritage Citizen Science
Jason	toot.wales	[333637, 17568, 32696, 844812, 108193378367391467, 19652, 109245531519879403, 478928, 20157, 19930, 108194363543185150, 108131604772356656, 109247849475109101, 108195282525790718, 18643, 108193931816925454, 319396, 14838]	Crowdsourcing in Cultural Heritage Citizen Science
OpenEd	mastodon.bida.im	[1302832, 109244582805510434, 108229787629437338, 109500528637205046, 109243668825210826, 109250090525195177, 107192220324249637, 842638, 109246554904857531, 109245541094634872, 108192817874598997, 109368779687740629, 109512367451443054, 109352965488059299, 109240835082812321, 109246537530292465, 109246002554047816, 109221192702463357, 109246507854283151, 109257608615179911, 109245531519879403, 108197182010956405, 599559, 108176559827658279, 108194363543185150, 109246044479113652, 109361223428157656, 109243139631965273, 531544, 108192885358232475, 109369766994062360, 108140462489609682, 108227841695564409, 559242, 109248003234389722, 590937, 109237462758978702, 109245608243045661, 106974359153541901]	Crowdsourcing in Cultural Heritage Citizen Science
eltonteb	hcommons.social	[110149979465086052, 109359284802822351, 478928, 109845298550366701, 109313583679608371, 108280109550578797, 109246554904857531, 109368779687740629, 109245541094634872, 109241538732270049, 108219153777910954, 109241995804981879, 109249727689978662, 109337283812265216, 1088696, 109365332724429455, 108197550408617964, 17545, 109256905705003727, 109258473366688594, 365981, 18305, 109251993698453396, 109247219736728009, 108194751059611267, 109244770620585322, 108131627816506626, 476510, 1114680, 107588925506974839]	Crowdsourcing in Cultural Heritage Citizen Science
workergnome	hcommons.social	[109296856285484828, 109893625945393189, 109247306261584569, 1193818, 109253040665539888, 109552182421675286, 293267, 766, 404520, 109507130187624394, 13043, 7133, 108193378367391467, 591234, 109243182753615231, 109241523162841286, 109241538732270049, 109386419741079896, 25688, 109357459634993324, 521716, 156899, 416767, 108198620944845727, 108195688151224488, 7053, 109245520670797642, 19311, 108130622523276051, 109246806152038849, 35611, 109247849475109101, 109259110378575854, 108195717427105265]	Crowdsourcing in Cultural Heritage Citizen Science
nkelber	sigmoid.social	[109845298550366701, 995191, 109247819385807515, 109243668825210826, 109259927125464714, 109258042641030432, 109502449810481950, 109257286150108849, 16163, 15751, 109520854362233597, 15769, 531544, 109237962574971017, 15626, 109245550009131137, 476510, 109256917380465819, 109247411153111818, 109240189157378750, 108198620944845727]	Crowdsourcing in Cultural Heritage Citizen Science
telliott	scholar.social	[]	Crowdsourcing in Cultural Heritage Citizen Science
metilli	mastodon.social	[109259475732566097, 109632514115955858, 108199829141343620, 109982113847829591, 109301022451147367, 110303836103075705, 110299963585096843, 109249470319216869, 110298565370478343, 110297051239289897, 109260504676969896, 700084, 109378120571161160, 109380495286774817, 596933, 110238999142690648, 110282800393471665, 109940555885849321, 109293871089697515, 109435966356879994, 109860591248906933, 109251628927842911, 109545523088696934, 109328847137546076, 109365774081680322, 109365563888009313, 109327150548982522, 109813286939755304, 109690826243058345, 109400190743304160, 358666, 109563451423576355, 110175126086245323, 109503434630390086, 109331753117073815, 109707124703412323, 109364206014781627, 109900848720777979, 109740085260577789, 108200074079608716, 109372906299701889, 109278345433064306, 109432660036754898, 110203593150394504, 156604, 106719049388797324, 109370947849777079, 109558051203927100, 108197480784894074, 517450, 110281833895893594, 109875738746471786, 110164494925322702, 110272067355651420, 110066688594209469, 110272765807497344, 110271424760892293, 110270102622769897, 109430209716929995, 109592717542613037, 110262812864256181, 109818402940617850, 109428027392965027, 109914899851389317, 110148434957678654, 110255065972553983, 110068921406778348, 109359245221364933, 109253194480328017, 110239092987700177, 397903, 109999388974821614, 109322568051525634, 108772405993602191, 198291, 110186079295548872, 109285645118988629, 109362835851931217, 109872824353300268, 110147762456743626, 110194217114108584, 109450845218732429, 109339741150252818, 109366039293193948, 110053142446766691, 109380447574575128, 110216018601019398, 109617050600881181, 109296363178729476, 109368438788600696, 110198069784180143, 109316051590131413, 109251944369852238, 110201970864219016, 109907315390630224, 110199879383206067, 110159198131824629, 110200322545302271, 109248222894380798, 110116032062769002, 109989368676259033, 109943696965534606, 109377639062247694, 109319502961621188, 109521085983964405, 109383792690641453, 109294445881520652, 109415599926284208, 582758, 107079669648467879, 1140575, 272376, 109292827717248555, 109536937755375426, 109811982571742614, 108081813552823517, 108302535223982414, 109865380777513074, 27729, 109303383267252819, 110178533793174335, 109302754918068129, 109300084950742095, 109310343521579228, 109259185038550907, 109246216404824007, 108208530186140119, 109979670666962962, 981386, 109293397460747651, 109325648151694116, 110003245101885203, 108201257337764041, 109417523602068107, 109350790599711233, 109241964949327801, 109342905393397885, 109289181639174061, 109905760931335093, 109377832801170059, 109449915565248230, 110028602072871108, 109838231958961534, 109789742980197740, 109560275512497351, 110169481738836148, 109521002105034309, 110040584520654856, 110158953764991335, 108862098897825513, 110162963340336379, 108951666377578237, 110156474743664338, 109372023474003564, 110159862469676623, 109888009981727373, 108338641519829350, 110147770452129268, 109515052544518835, 110109141891385082, 110142651828714628, 109364910769611256, 108081066598427113, 109305065468747683, 109262019486844371, 110137835330581674, 109434498417866961, 1204243, 109298118772474323, 109259072653466072, 109333479777554260, 109526789211330768, 109348300013326302, 110135837549752084, 109538006956966076, 109529550605913090, 706417, 109379552631845015, 109314178106734141, 109364421578717119, 109348674028759455, 108081475658619489, 109525349328784933, 109321487397933058, 109309539702545247, 110124814460405144, 109385187058129761, 109297402699452909, 109552749825037429, 1301833, 430844, 108198498173545936, 109310180381155773, 110010961466059033, 109601503234229112, 110100182294044975, 109447131842280937, 110108085128495120, 106501145317714147, 109378210817542628]	Crowdsourcing in Cultural Heritage Citizen Science
musebrarian	mastodon.cloud	[16106, 38621, 333637, 479177, 109858469575989189, 109506185720376776, 109507783898717434, 109247819385807515, 15744, 109252132540937149, 365981, 109246554904857531, 109507766952346103, 15751, 323316, 109270948508912311, 109258070537538220, 19311, 214232, 109246806152038849, 108198620944845727, 971253, 3385, 528723, 109355943162567640, 109247849475109101, 20157, 109262577591821394, 436195, 108194334941087561, 7298, 356453]	Crowdsourcing in Cultural Heritage Citizen Science
allenpg	hachyderm.io	[974803, 110128881170754187, 110178533793174335, 108170914050624275, 109520956263536026, 109982242827482439, 30876, 441783, 109354564202240035, 107595692302295341, 109292147921875411, 109249658402510624, 109360158594064602, 109246594232456144, 109277183706025842, 596933, 109498578102537741, 108217109248927065, 1698, 1138175, 41635, 109361970504089912, 214232, 108730999511932603, 109115378365156110, 108227180179706318, 106519828156952418, 256758, 108192184411851732, 222899, 109247426994187654, 109334486439720790, 299282, 109355924810865371, 109246997771289654, 480007, 108282607750436432, 156899, 322617, 7524, 108192869914770498, 2389, 109314285375033187, 220149, 109248241552104003, 109249782713539746, 109207045255793252, 109247772382140748, 42515, 37964, 508947, 109356267000901990, 108197416610174430, 109246973279303153, 108198524837994441, 108194761859599348, 204788, 21727]	Crowdsourcing in Cultural Heritage Citizen Science
melissaterras	scholar.social	[1148031, 19486, 109255230879063178, 491573, 675173, 189853, 109208627247067190, 109436087445751160, 788217, 108221818435278143, 109266309007958757, 109259098579598671, 405401, 108234718029269099, 109265141024413681, 109246179318293109, 531544, 214221, 108199284242066658, 41825, 19311, 109256917380465819, 154632, 108403940379538442, 156899, 108222579241579049, 293603, 20157, 109244592723055225, 421687, 109259738495981019, 15626, 35611, 108317827566032057, 109257706430520304, 109245550009131137, 109244747215690395, 308279, 1138668, 46007, 109257448758598769, 109242139522651656, 1072884, 134070, 455176, 109250640044037918, 109208754722848494, 109254099999536439, 109986, 16393, 109355573557983000, 28059, 109244211489275386, 436195, 109259927125464714, 109243252732161962, 109245987551645813, 146021, 108194365870640555, 478928, 109246804673414255, 332561, 108317677060087664, 483885, 365981, 108719691186145846, 108194205679876182, 144048, 19361, 109245170138615425, 109247712952305913, 108195046425770204, 1187147, 108193162497797030, 109244794176747851, 595671, 13727, 109257103186851104, 109247849475109101, 108740831363665969, 14838, 109343470712682521, 19968, 109353195169175121, 109242494137478793, 19614, 108197550408617964, 109257043847122955, 109259243526675777, 109243949891847600, 109258782157110936, 109256853569031316, 109290533512536248, 482826, 109257050230682455, 109244770620585322, 109252235052978846, 109257226879214496, 16554, 108198620944845727, 109237932196142664, 109259110378575854, 109247143767146941, 109258617752141206, 108194334941087561, 109208775586520854, 393184, 108131604772356656, 109244694042267180, 109228566177480948, 109251950492160713]	Crowdsourcing in Cultural Heritage Citizen Science
paigeroberts	mastodon.social	[109422048716943472, 109482038056792468, 109388181695189053, 109337438264288308, 109305244262134285, 109249643504294545, 109369284993109213, 109451279041165477, 156899, 109444733857619544, 109377536289047409, 109374488700291089, 109433721172683250, 109327578893318303, 109297598798890881, 109241920455185903, 109290160024266291, 109427217092497487, 109429596985236846, 109364494473022501, 109304649228911739, 109427888838214456, 109389471687194920, 109343452086513710, 109427186033244629, 108193985253582668, 109427016647967316, 109424150312469708, 109422437477667913, 109383742172761299, 109374731835789812, 109344014141131292, 531544, 109422033545212354, 109421445151990042, 109371332216773343, 109318457375797561, 108219153777910954, 109417942654109955, 109417532846861253, 109416995230489319, 109416944739570455, 109372519513501947, 109253440614673129, 109275823785291554, 109400220266600146, 109338697817371373, 109326884226070065, 109326490519188332, 109291048546178827, 109375372328622696, 109409427560433013, 109286342647474520, 109322605890720041, 109405238625810971, 15626, 109404631817903590, 109241658243895694, 109400740593077738, 109249727689978662, 109363326466124557, 109399010026800642, 238346, 109394545821739617, 109395005276231496, 109262413717796357, 109261593365882774, 109217424275177536, 109371528527720242, 109241538732270049, 109390300633955912, 109393405192247141, 109308488714920002, 109373983317322624, 109390133898208853, 109252580992154839, 109389525051408840, 109383014175704350, 109389253440147425, 109389037347847106, 109297287266272851, 109383604130719261, 109241995804981879, 109247849475109101, 109387566546563313, 109296969402653852, 109382669646949863, 109329125617503195, 109386707328703398, 109368607977840330, 109337029506355610, 109298237092347729, 109377816880607473, 109384001219338160, 109310247126670198, 108194838166318357, 109384084727246371, 109384071471025121, 109302697442300663, 109280923990576908, 109303528659321413, 109382040727097756, 109381626784382435, 109305238139133968, 109382054615909828, 109380068073497693, 109377449792822945, 109381725076589473, 109380853081627143, 275703, 109290198019398473, 109334346529355612, 109304964544367637, 109366314790646547, 109294527821014240, 109292371357770905, 109308660372203827, 109377702396238184, 109323179956328655, 390177, 109374209247175102, 109351160248303380, 109372124731171287, 109323312711041712, 109367770167351310, 109307858088526623, 109319224253608530, 109303453863424604, 109281321470680213, 109376784945923099, 109366353480485099, 365981, 541041, 109354137222234271, 109376402038434301, 109376315330572716, 108210426054342642, 108196880985645678, 109300758955280274, 109374260119983632, 109298682714204942, 109367084355383452, 109366852421364883, 109299158875999041, 109365016703534252, 109291416300687951, 109372229334248324, 109365500554663358, 109344222103662966, 109258031326769655, 109365296493868454, 109371377935369705, 109320599446452174, 109242497354163295, 109304331338123620, 109286124529132087, 109331833931457587, 109370616604109273, 109275014166158616, 109260243736902558, 109365147372867712, 109327409512364531, 109300247690169260, 109299500328872513, 109365375995377733, 109243652977822001, 109367769232566969, 109318635913404201, 109292947261860698, 109367940351585059, 154181, 109362106209770973, 109243427194074559, 109352170495067755, 109338592148521512, 109366259497770867, 109367718702419560, 109362120953191041, 109292933289920792, 109244045775576816, 109288792422739448, 109352438489424802, 109320534749154372, 109353951816263675, 109364373934791121, 109362865577965717, 109366648501129312, 109322667641086980, 109298995827958852, 109285418126916611, 109267473918022687, 109250883582467730, 109364712004947737, 489140, 109305675240268612, 109304464842663450, 109365602275676707, 46100, 109365725337134076, 109365519394127742]	Crowdsourcing in Cultural Heritage Citizen Science
josemurilo	mato.social	[109253488995587314, 544698, 109982242827482439, 108249546945999636, 108248185616566701, 42825, 33605, 559242, 25932, 109303573410470728, 17673, 109512060391297060, 410846, 466938, 2066, 596933, 405755, 109292147921875411, 63675]	Crowdsourcing in Cultural Heritage Citizen Science
r2gf	digipres.club	[]	Crowdsourcing in Cultural Heritage Citizen Science
Clairebaileyross	hcommons.social	[]	Crowdsourcing in Cultural Heritage Citizen Science
 Sammlungsdinge	glammr.us	[110238046849566567, 109247808381636534, 108147087055662876, 109246120984435842, 109243814585687683, 109252737171869062, 109358652426199307, 109251982776645859, 109252199215914762, 109244857520291781, 108196625173491078, 109251624347269044, 109244884782512655, 108752010582013279, 108248623545925858, 108197443916963681, 108197016015204711, 109244340888630282, 108337165669155760]	Crowdsourcing in Cultural Heritage Citizen Science
yaeln	tooot.im	[110110019662687857, 109845298550366701, 109243668825210826, 16163, 109241538732270049, 405401, 531544, 15626, 109246765628241086, 28059, 109245860684020936]	Crowdsourcing in Cultural Heritage Citizen Science
b3d2c	framapiaf.org	[131133, 109246304841734211, 457444, 109984036516656262, 1138668, 1139739, 109254941765905264, 300440, 1095595, 107990612893998510, 1112897, 109245987551645813, 107774025547456891, 1032873, 109251624347269044, 33889, 108193931816925454, 109360256424089489, 109303680880410212, 107173968727704627, 1151461, 208399, 109256946876254122, 282326, 291058, 45999, 109257103186851104, 109247681754066994, 38175, 107924694354034525]	Crowdsourcing in Cultural Heritage Citizen Science
verbrannteorte	weremember.social	[110282292815704182, 110159225257909177, 109247437714925535, 109913306935781074, 109847166551522708, 109844807450323612, 108196965407361484, 643099, 109354275819287451, 109251624347269044, 108194673130697936, 109240088196798861, 108193382932269126, 478831, 674123, 108368910740548518, 109252382506546107, 108194100353608133, 687273, 108137128324685806, 109301266838702118, 109241538043462846, 109246637102926698, 1092878, 109257630792055899, 108225955160416464, 109247002593015797, 108130371603477611, 109499356486987813, 109495010176941075, 109496324430498201, 109143757135147580, 109409310375133214, 72817, 109248110023124345, 995070, 107780652516315254, 286611, 109290738792896257, 109245272565394813, 109236526768359269, 109245986539627498, 108544533775749929, 109248113889413945, 108233915414284844, 108413745742887177, 923228, 108192685153143515, 1127951, 108197662913044200, 635734, 109244524617674235, 917882, 858751, 109115141579622731, 109247956903885679, 109151022235776665, 1135306, 109251182482790263, 109191448552044151, 108197669343735673, 108463597803211722, 452769, 109205608063942068, 109238559354189443, 107164085138181217, 108289608836879759, 108158439239707838, 109250778525165175, 421109, 504234, 109244702093685043, 109257724390007889, 108197337200211053, 109359081908717651, 108136388679017057, 109360725664888300, 109244998519030923, 109247712952305913, 107588026465610756, 108568982180160347, 108210934183836424, 108260986553905949, 909940, 109355640520384698, 108555934102615464, 108194226902493992, 108194767505829076, 108226181520981991, 428461, 109246526998855498, 820675, 109251628927842911, 109353672256394524, 109247112800572733, 109245908752932821, 109258253608511932, 108194160613517572, 109246231739569724, 109206576859001033, 108197304054820982, 109257236693148825, 108198612767129416, 109245802825498140, 108426446182284767, 109239635775429357, 1093529, 109251378040180083, 109246983042530049, 108198592791725993, 108591961388704848, 109254012997294415, 109244550049974865, 109245977583132453, 109255579487964321, 106120696780941904, 108137269120563831, 1093699, 449943, 108283317532422786, 107541765202560646, 527204, 108199080648243623, 109245045572670810, 109288033127452573, 109251397931956121, 109245445525879617, 342870, 108146540546637387, 109246120984435842, 302030, 108195000880889204, 109258670747629091, 16802, 108231580361905139, 108298702078220958, 108290079463191639, 108196364985709721, 109246464640438404, 108515646794296124, 109254925604791031, 288600, 109246382795557355, 345842, 582167, 109247359494254195, 109247808381636534, 109251729283755461, 108452481990002195, 500664, 109242397620611858, 109252373255114685, 109247819407429099, 108248927630678597, 108198544675594774, 1093091, 108131666499558131, 109246208643730759, 862471, 109314497321462652, 107565988788371224, 355392, 108152934666506781, 109245638036788241, 108361127748081477, 109252153486506212, 108141619833319846, 109244884782512655, 469657, 106365798435698744, 109259567310690326, 108137385050689627, 79812, 108198094621393469, 107594319691835656, 109246906446025127, 109259166593208101, 108130503813829801, 109244550476552176, 108130494569582806, 513731]	Crowdsourcing in Cultural Heritage Citizen Science
mlpoulter	mastodon.world	[110203106925808656, 110112222115849178, 109845298550366701, 109370268924732357, 108217661718174629, 109258891659847994, 269556, 109287650146439578, 559242, 19930, 1112897, 408944, 198296, 109245642682736670, 1069483, 109246554904857531, 14825, 452211, 26906, 6564, 14838, 109245531519879403, 107189241090203656, 20157, 15795, 109252580992154839, 108194396396723939, 25048, 108198620944845727, 108195282525790718, 17568, 108222579241579049, 108131899908535411, 19733, 235040, 13733, 594698, 18643, 108131604772356656, 109262577591821394, 108194751059611267, 108193254639199580, 1084720, 109197017640033849, 109248277946378477, 106930336998831130, 300440, 108163375349078422, 214232]	Crowdsourcing in Cultural Heritage Citizen Science
storytracer	mastodon.social	[109258149190579627, 109390709230475831, 109592765326775579, 110272765807497344, 110260101270265633, 110231109976274880, 109346748972408191, 110255114024079669, 109253194480328017, 110186079295548872, 110199493119728230, 110200582739594758, 110173335703448754, 110149979465086052, 110156751629767229, 110151973548498533, 110147572900636958, 1022283, 110073850102842279, 109671073937552107, 109369437075522445, 109461917173662795, 110034419658212902, 109841074488454928, 109992633288518933, 110022148982465371, 109247463429694374, 109658241371960070, 109538236560170378, 109340469475669318, 1190257, 109289162419395092, 109813922707334804, 109269193665732379, 109314360729308185, 126738, 109263773708327663, 109338949684984999, 108218310779213505, 109994391723571467, 109341595245656592, 109342561887197201, 109298996818591151, 110014805026031531, 109400375791487686, 109392412268345372, 769197, 109278768807187459, 109364724387390482, 109371750318089668, 109376853321277720, 109982188417726326, 831172, 108196945492568976, 109294614937878078, 109324344766368355, 109880243603877883, 109845298550366701, 109923094754154924, 109913663969072345, 109901740734323905, 315076, 109899194501162350, 109887578124917940, 109489728948962719, 109316397203495055, 109344014141131292, 109392207216122762, 109870312693859456, 109868402655994547, 109394047025845621, 109846611029614584, 109590068557629531, 109848172689076584, 109825034964657663, 109367257095417707, 109841814080826930, 108198005733386458, 109294314757254349, 109832622933190048, 109832366929703253, 109798025259458777, 109681497861291490, 109699318660705198, 109294973775122852, 109806642408747988, 109332123332904439, 109496108320346206, 343472, 109745960674703630, 279091, 109364597945358131, 109306904186726553, 109427968674144417, 108301664543745279, 109313583679608371, 109295773988822189, 109264526739096145, 109242018168758468, 109383822630751858, 109297832442018756, 109270681501379306, 109756399800495543, 109296604411672072, 109755092954566607, 109748015595637204, 109263080487028742, 109465947383075183, 109521319278893436, 109734506473674772, 109384917851358750, 109236841333737896, 109655470167348422, 109312638939008577, 108225993707891775, 109269753143982304, 109246074400028847, 109348603367589399, 109711040013012215, 109285866969102420, 109273670779581958, 109292358717505386, 109341567768047015, 108194673965345001, 109304649228911739, 109672734118975314, 109347556287253262, 109342853970233567, 109355283869401386, 109310968336007068, 109384084727246371, 109473290842856880, 109269435650450915, 109244592723055225, 109286358919610438, 109660147176714261, 109471544822705097, 36556, 109421661903243418, 1203652, 109306105382909858, 109245501221011054, 109363529548832406, 109243668825210826, 109298199753462433, 109297878904614127, 109639321305112518, 109240088196798861, 32440, 109523872177756673, 109313636411148635, 109302867526000644, 109292332782670021, 109365436912567928, 109395393770308779, 109366293869781821, 109366701815366807, 108240432204828965, 109370800831443843, 109337283812265216, 109355114773234029, 109620121847084685, 478928, 109337373560216082, 109363413787144520, 109323042336397323, 15626, 109389037347847106, 109609148274722004, 109608939609573959, 109247043801756476, 109526777341225598, 109604271355483389, 760814, 109291048546178827, 109264940317405310, 109417083314236339, 109400740593077738, 109296598341046148, 109593394055254253, 109337071735704255, 109304929495851197, 109592741021447617, 770133, 109318024151472463, 109543433442046434, 1208162, 109292236172055483, 109348077191472497, 109269310056240546, 108221818435278143, 109585176795565918, 109575603902444006, 108209212999175271, 109293392971456859, 109581503554889819, 109259134233455836, 107560118220270926, 109258586002396811, 109392777946748495]	Crowdsourcing in Cultural Heritage Citizen Science
MobileMaggie	mastodon.social	[109245191741397935, 110289196341476859, 110103218157729413, 109320828304855278, 110063005254558567, 110063187631542285, 109446496266659753, 110013705660050066, 1148925, 109319946673538431, 109903348431735612, 109306785695132176, 109511033645508444, 853048, 109847815345826946, 109845983537391274, 109843622812669070, 109751233554610855, 108282607750436432, 109366085418117493, 109251873251242994, 109365564502747971, 109307327202294820, 227973, 109258754451069494, 109383973906350916, 109780422999103154, 109523642720878479, 109603534595383448, 109320484064471357, 109549831396155405, 26995, 109463069311434086, 235011, 559242, 109738719505961984, 673902, 109734506473674772, 109286794602885282, 109721614400576496, 807108, 109396635895543644, 109246155949960615, 109371812074870545, 109670411328590638, 109375634921261158, 109320599446452174, 109292236172055483, 109637327187246950, 109298515581226227, 108627317808867423, 109608414972302317, 109296656234142677, 109310412201555907, 109251149573261189, 109267723838722657, 109581410875781672, 156899, 109243461444185836, 109367084355383452, 109552390043024851, 109354982313560301, 109548364350315071, 35653, 109524832552607798, 281588, 109387257108240347, 109259417082441302, 108267388092621346, 109524684241573297, 109257850915315103, 109370487540651713, 109365127915187080, 109253456066151280, 17591, 109415660084610967, 109259926046450637, 109267812088135769, 109446517144327682, 109506019791088853, 109364235447628769, 14838, 109528821968115131, 109405701752240932, 109247432104710610, 109537498677910872, 109301558099697390, 109539821979278469, 109385038422302569, 109386488663283229, 109405758987231013, 109507012726823060, 109309124313103852, 487149, 108194791493448408, 109348773164019391, 109257102805420845, 109288140181701727, 108195046425770204, 109534334492838803, 109378185171387655, 109377201171335223, 109302539050383347, 510714, 109366652695884488, 109525485100241365, 109314836985560441, 40242, 220605, 109268182640240733, 109268381890401964, 109292651829859003, 109274162642689285, 109382040727097756, 109472432754686558, 109246658555377525, 109246201417847184, 109290928253824526, 109286086384148384, 109379111181749368, 109490294692396013, 109483738054273759, 109474774788200342, 109321670875516494, 1009287, 109472922915609994, 109472096837250666, 109472684501398069, 109472237867793691, 109472170075487593, 109471813850336459, 109379518564475416, 109471588307060821, 109365057971868195, 109335399350256017, 109290882157200077, 109220619604797780, 1274191, 109461450891062900, 109383680921232141, 109259138688035313, 109438727347911511, 108210444309302640, 300893, 109331272520865816, 109423905031117730, 13679, 109417332902984940, 109308929096389402, 109373085018300308, 64419, 109410676807101698, 109245531519879403, 109303456601429990, 109301798445729077, 109383255043847320, 109253256488077484, 109361544921116634, 109347231129740355, 109388146944596453, 19622, 109292996955831374, 1215514, 109259378562192467, 127008, 17568, 109377938686481959, 109324734221848308, 109406957949815086, 109248222894380798, 109270618593906373, 108399955045242292, 62175, 109274611968218133, 109246154259997820, 109336001618582539, 67736, 109308841528405754, 109315287187576918, 109408295303968486, 109336029271632909, 109246997771289654, 109274758782250283, 44970, 109330631983603538, 109355441386854575, 109400031618006148, 109242054257623055, 109367520669610134, 109300130965357646, 248250, 109389405028553462, 109370561933551958, 896956, 109297128201227146, 109383668832436399, 109367105049003428, 109381024499042891, 109297673435629688, 109316568003438832]	Crowdsourcing in Cultural Heritage Citizen Science
CitSciLab	social.cwts.nl	[109253398818822902, 109903348431735612, 109806656259798342, 597894, 109341671370776551, 332709, 109220619604797780, 17591, 109243461444185836, 599559, 109248515135720652, 848514, 108253853886310148, 109247019547619419, 109253088808159552, 109245796526603920, 109256667908415139, 109259138688035313, 109512367451443054, 109257608615179911]	Crowdsourcing in Cultural Heritage Citizen Science
gavfinfnq	aus.social	[799746, 110142417187702634, 109205963723515372, 109362118273330220, 109315888570105395, 109223848918067806, 107192220324249637, 109984190960994281, 215795, 109837508570525217, 812709, 109248945403729531, 19361, 19311, 452582, 42693]	Crowdsourcing in Cultural Heritage Citizen Science
ecolleary	zirk.us	[109252029199600069, 109497077899596285, 109243696573539306, 109258581541268499, 109374292300954396, 107138421024636089, 109520798602836352, 429696, 109359857833891708, 109257385431794024, 109246175391111003, 109243488853574031, 449049, 108192609683437525, 109353792231637650, 109337283812265216, 108198620944845727, 17019]	Crowdsourcing in Cultural Heritage Citizen Science
nickynicolson	mastodon.social	[110267588693459840, 109282008063495952, 110208561772901621, 110150928073604608, 107192220324249637, 109549831396155405, 109307337953879051, 280603, 110064934697289724, 109480066205823705, 109994605463087097, 109622143718368908, 109990698497157881, 109988540026929223, 109490690344983983, 109698436254241937, 109950874350510725, 109942543815365630, 109447535980918305, 109924470930477175, 109475242449076219, 109847811004844355, 1078390, 109490203299428491, 109363726395781743, 807108, 109525540715805441, 109801575055795445, 279091, 109537126159488401, 109410275629008845, 109734506473674772, 109454865810158710, 109542685512480060, 109301991946418864, 109682588048742147, 109298827543634156, 109536345109759926, 109369450813841544, 109485880930733247, 109320599446452174, 109626675783470427, 109627774802746601, 109307624584003941, 109423628560547512, 109587090486645096, 109300517387668015, 109563522078012659, 279593, 109292170894338564, 109454979554429253, 465322, 108193685949432743, 109511264895350447, 109303074559995271, 760814, 109247842475611424, 109290164053367005, 109288793537643488, 109297270242629795, 109522848703843537, 108197820929943402, 109626405428545256, 109603534595383448, 109451658620697639, 109287193499965416, 109375001075123453, 109273397852837192, 109291125949014472, 109258725232744543, 109303652462498624, 109304295021215750, 109351138181325410, 109596029634543369, 109331712831617810, 109591506272112967, 108197412963466329, 109280259594632243, 109580658170445783, 109558174313615888, 109472088181854949, 109353752814975387, 109561062676850260, 109538010315953474, 109293062900461418, 109423177803620862, 109411643056736312, 1402388, 109307534541188301, 109548986830555942, 109303602816115684, 109410178047904304, 109287830738339635, 109207466026460090, 109541710411919272, 109349839826764846, 109523431606684429, 109339628407425208, 109302871337674612, 109364235447628769, 109540192808241221, 315288, 109538709485671927, 109290410502582380, 109309124313103852, 109262642098867518, 109365047912458137, 109531420612429525, 109331549673373185, 109292933289920792, 109530918373613182, 109317884982336446, 109536388360340753, 108239116287333845, 109427182253608586, 109502547946601682, 109402219913274318, 109526536787609086, 109291034408297897, 109327200533785474, 109525401916062535, 109524834869457350, 109524832552607798, 109241538732270049, 109362033840898533, 108194041137471139, 109387525144326433, 109297844566353614, 109276074735674941, 109358874783924216, 109513907457476113, 109511251489077258, 109508438811179398, 467365, 109349083511478379, 109392824398548750, 109366892796442545, 109500271534208873, 109382335170434462, 109489264234586626, 109489923235523034, 109293726749891500, 109477556009616442, 109321848830913994, 109451283904293635, 107909616669852316, 109325710042072996, 267944, 109317700742694106, 109451755485271005, 109276171029631213, 109337939426476910, 108221809137463304, 109281107773618423, 109440200232650819, 109436993390796399, 109395393770308779, 108204750432213523, 109259737715494831, 109431862182964338, 109393356573093260, 107362721386491005, 109412237461120666, 109301583247846309, 109427505038797656, 109364494473022501, 109286361649123382, 109287444282706953, 109387531077120106, 109299300769344114, 109245531519879403, 109370619660284405, 109422289712787703, 109416886471260313, 109332892159594175, 109291338568453013, 109367084355383452, 109306648945869929, 109309882768063868, 109312323727837530, 109262116523932929, 108194363543185150, 109258254039421699, 109289776626202026, 109320421861630191, 109381390718242837, 109379841341328257, 109365406704792262, 109367130016902611, 108193341639606594, 35381, 109403412784609833, 106719049388797324, 107913786592292854, 109405817208638632, 109405701752240932, 109405279712808943, 109405391270327804, 109290549013660197, 109369814267627269]	Crowdsourcing in Cultural Heritage Citizen Science
jrglmn	mastodon.social	[109309124313103852, 109348536250118252, 110186079295548872, 109325904495140828, 760814, 110134220249782322, 109353686554992507, 781759, 109343336957415486, 109387271609895794, 109342979990047745, 776316, 812946, 109976448302004772, 768546, 109857920424480945, 109294614937878078, 109845298550366701, 109149432827476906, 109841814080826930, 132408, 109285513969818927, 109484738381851839, 108213604290546508, 592687, 109568069323305424, 109245883102309612, 109304397946574156, 109437654801159157, 109242018168758468, 109748015595637204, 109386563212215581, 109245236719419669, 109734506473674772, 14838, 109251624347269044, 109471544822705097, 109299757762737382, 109445590243180465, 109286358919610438, 109243668825210826, 109292236172055483, 108209473466351588, 109342561887197201, 108258379878570011, 109605543802582165, 109316102296733928, 107560118220270926, 812881, 109564936229120587, 108337165669155760, 109539343644401798, 108197120976921175, 345194, 108225993707891775, 108323888872826382, 914614, 109268500456609065, 770238, 109388264918209830, 559673, 109302028659175726, 109296975976976732, 109392412268345372, 109360274594404079, 109335765605009732, 109397014891385478, 109524674814674148, 109541320412147083, 109540192808241221, 109364804661048886, 109337864941422091, 109259566109423920, 16163, 109524192443909672, 109509861124365708, 109347651553258898, 109373796113611061, 109301174412388602, 108280959531290778, 109305244262134285, 109367750307043287, 109378699873438302, 109275823785291554, 109372885743351640, 108204354427073565, 109344014141131292, 109423047827843137, 531544, 109310493132256522, 478928, 109370616604109273, 109417278700385087, 109320599446452174, 15626, 109397743890543468, 109390133898208853, 109388259027978903, 109254546832276081, 109387979727525645, 299638, 109257990139354773, 769020, 109329125617503195, 109258005996348188, 109381896158187191, 108196319341524670, 109372124731171287, 109376402038434301, 108210426054342642, 1291497, 109338321992943614, 109256917380465819, 109331605356566958, 109279294509163392, 109298996818591151, 109366019754617597, 109364493771043214, 109279043274241838, 108202981531553298, 109278783051778128, 108198005733386458, 108198183420868374, 109337071735704255, 109243462198256273, 109342811760544299, 109259767263382301, 108194653222199062, 109310582157669913, 109245667171379232, 109248034789692853, 109324531059560159]	Crowdsourcing in Cultural Heritage Citizen Science
petersuber	fediscience.org 	[109249301782061948, 110289234748216579, 109940129441964493, 808827, 109249151132606086, 109999233331982263, 108220442991049032, 3656, 109958921566134372, 110086510250667970, 324602, 110251060654786320, 336325, 109247359734813111, 109374616082900927, 109247363969546613, 109520949079004284, 108194890308088987, 294010, 109866193503936095, 415881, 110209686710435619, 1035816, 110188569422671073, 109252235052978846, 131133, 38621, 21227, 110150928073604608, 110141017893655717, 14140, 110002333390974341, 110094152148735010, 109242511732728472, 16496, 109249424889135853, 110079384511376197, 109986, 110045112965022035, 110063187631542285, 110050772058725656, 522906, 110039392203989380, 110034793328238839, 109514780377280038, 110018733635726029, 109855641686800461, 15640, 149447, 302372, 109506468176586107, 371942, 109246650362344536, 109248440907909022, 109897951549644550, 72270, 109942207424033171, 109833957341292248, 109845298550366701, 32434, 109930400655432322, 508947, 109903348431735612, 109502147674139762, 109897947502838274, 42515, 108414141324985736, 108133306299437196, 109246373097484729, 109369766994062360, 355392, 483989, 109858875479455245, 109511033645508444, 109355705821308832, 109863250589713940, 109840329027832108, 109859471067794949, 456784, 109833806992250531, 109854169847907308, 109852981252826428, 109243768827647268, 109255217898346883, 326055, 244420, 868800, 109840785775309207, 956278, 882423, 109846746610948402, 109258636566275551, 234655, 1064208, 109289707383247389, 109842992490493203, 109714028472236238, 269049, 41635, 109247105033464230, 132408, 436195, 108194426472521758, 109246709110321086, 323365, 109362126143947628, 267694, 332259, 109507783898717434, 108217661718174629, 109244300415875978, 109331988308488695, 15930, 109258567966220167, 108239559635216489, 107805529819392458, 108197478826468295, 108131420726034757, 109247459279095464, 109252749919539443, 107840808588585528, 290895, 109249467994638037, 109259278083054896, 109385941737291213, 229856, 42693, 480781, 109511036022632341, 109491277681152794, 532991, 15744, 109390582565047257, 209995, 16397, 408445, 109256311904277161, 109502260753916593, 109252346642161777, 109241957429385289, 109358544043904637, 109246530404595912, 109360632400966968, 109229310656055547, 109257633330516465, 887193, 109323111344531443, 72915, 108244361770628337, 109242018903457783, 109251800971201317, 108284780273749696, 109255952136093302, 109245909098292340, 109331776093990272, 109500667661266664, 109311327831842654, 109247514295364421, 109257697591040668, 107192220324249637, 108194660440392188, 109251329915822803, 108369498063051845, 276474, 109290008422153027, 28773, 109245819569631153, 108231873383230758, 597007, 471134, 109244720449000869, 109246554904857531, 109521107916552621, 109265634425524599, 108194791493448408, 265745, 109495114533301389, 109331360386915615, 109314506659787077, 109207220144916413, 109354982313560301, 109360656335970952, 109362220756667005, 109498843329780926, 109297570585990997, 109507132437059409, 109507693733368264, 109242306384117869, 108245723457268935, 109503290628787451, 109502797499152227, 109501366803735406, 109501188249816806, 109497021405616539, 803502, 109251950492160713, 109241538732270049, 488274, 109258162267170975, 108199281502070458]	Crowdsourcing in Cultural Heritage Citizen Science
digitaldante	mastodon.social	[110221289360314497, 110186079295548872, 109398725909994899, 109337818458776781, 32434, 109518696660182101, 109319036188183958, 110067254620117080, 109366446760689208, 109495560482987203, 109723316055687587, 109336021613182786, 109294614937878078, 109418023470733364, 109845298550366701, 109344014141131292, 109511033645508444, 109841814080826930, 109810704355542800, 109314358454992551, 109748015595637204, 109359284802822351, 109734506473674772, 109303692338301747, 109733617907092517, 109545814875574064, 109308488714920002, 109700211238978402, 109299757762737382, 109687947539629279, 109373857575281722, 109258155870052352, 109320599446452174, 109244592723055225, 109286358919610438, 109638485728912642, 109388264918209830, 109243668825210826, 109310327012592274, 109306626649826126, 156899, 109564936229120587, 109544819896829039, 109437591459932391, 109298996818591151, 108355973826036540, 109507089410071615, 109541769999156068, 28059, 281171, 109312431582382622, 16106, 109540192808241221, 109364804661048886, 19361, 109377633696548760, 249219, 109246554904857531, 228101, 109376289177455035, 419360, 109292358717505386, 109531736143811033, 109306510333296626, 769020, 108515646794296124, 109338066092122608, 109465031268885039, 109315042926813417, 109246179318293109, 109365424802127717, 109343738038597123, 596933, 109242862467347630, 215040, 7298, 109321006328230948, 109306369931507570, 291988, 109341476051518564, 109259280467682844, 109256917380465819, 109309364183775326, 109305357605057850, 109296270411126467, 109245883102309612, 109371839203083681, 109297212758094009, 109293337734488189, 109248671966010521, 109346956087250365, 109266142264477169, 108225993707891775, 109305921963193508, 109266309007958757, 109405279712808943, 109252335909344940, 109428178300939825, 109324336799494575, 109365920212380816, 109325928301161271, 109507934254614484, 109315253001227453, 109304561879758255, 109370206844145304, 109362917117574496, 109304997835436328, 109254159383667385, 109330099730658061, 109524192443909672, 701802, 109271720519702928, 365981, 109303562621806411, 108255044492231084, 109338438587906731, 109279294509163392, 109242018168758468, 109310582157669913, 109341746630830076, 109373796113611061, 16163, 109521723975882460, 109433126230687559, 109433512700459091, 109345480193620572, 109286986135322270, 109423703412571484, 109287442918248207, 109389262895180544, 109378122797027347, 108244641548516324, 68611, 109421047139315502, 109241134324599389, 109330491937246962, 109245667171379232, 109434437889946486, 109433929132573200, 109430171241810184, 405401, 109291627857295956, 109427505038797656, 244147, 109423047827843137, 478928, 109298933470301936, 109303371551617888, 108798285390102118, 109405238625810971, 109405168990189580, 109388375904941621, 109278783051778128, 109314070883307166, 109247268801702001, 109378318011382871, 109262413717796357, 109395169831982211, 109298072204860974, 109377419850841441, 109387807833959029, 109388259027978903, 109386563212215581, 109310247126670198, 109382656941731113, 109302697442300663, 109381725076589473, 109348603403775471, 109309258611465765, 109281224133317440, 109372885743351640, 109377488165056984, 109376402038434301, 109305562656283981, 109370616604109273, 109369782280757574, 109250802303057288, 109365405529214868, 108199183702796354, 109362925052940618, 108203678369882008, 109364235447628769, 109267843086751316, 108225875926303805, 109207984213832322, 109353906895002160, 109337864941422091, 109294427635231361, 109343070939267832, 158789, 277599, 204788, 109322443005696982, 109337283812265216, 109337071735704255, 109279487541096752, 495687, 109295898729708063, 109307502730009694, 109327352165255083]	Crowdsourcing in Cultural Heritage Citizen Science
scivil	mastodon-belgium.be	[559242, 110029304058650398, 109833957341292248, 109806656259798342, 109324950539989312, 109247805320099680, 471838, 109254114112965410, 109246155949960615, 411821, 143624, 109248146133949063, 599559, 109258573495963796, 109247339191440732, 109250982958947245, 222437, 109252880783720451, 108079876215073658, 109250435823482584, 109253455950429711, 109247435278417605, 109240161492241732, 38881, 35799]	Crowdsourcing in Cultural Heritage Citizen Science
mikkohei13	mastodo.fi	[110045112965022035, 477704, 108219383800151215, 427950, 423210, 109257669248545923, 109244566360072139, 207840, 559242, 484394, 109255787443694573, 109257703470845815, 109256662254028174, 108473673740344993, 109353830905089509]	Crowdsourcing in Cultural Heritage Citizen Science
