matherion	mastodon.nl	[110209896593956644, 465718, 110188569422671073, 1148925, 110050772058725656, 680291, 108194507555465430, 109253091211790903, 10189, 7322, 109840329027832108, 109244763905926880, 107089449567943356, 63891, 109322080955260878, 6961, 109246865231083964, 109240273071387835, 109405628286594829, 109247459279095464, 107840808588585528, 109251550717614445, 108199306954357341, 72915, 1089591, 109387629514287045, 109249284083711078, 109253479995726016, 109253088808159552, 627441, 109246554904857531, 317733, 109515544721257247, 109243388372609150, 109501188249816806, 109244565694558814, 109253006605560074, 108194307694818557, 109252224083850723, 109246024869176135, 427668, 109361396895431140, 108219153777910954, 109249633491878113, 109245042280376838, 510048, 109286308505202403, 109377941468196529, 251479, 109248320320276845, 109246202582264591, 109250498351931248, 531544, 109250573096709413, 108194660440392188, 34236, 109358460754282404, 109353611836028314, 109245133386119610, 109341824524839054, 237869, 109256629487199496, 559242, 109313583679608371, 109250127189342915, 1288873, 109252201925627361, 109259585532921635, 109249643504294545, 109248219490492095, 109244783833147273, 109208631257697311, 109249014792189110, 109256156865445967, 109253428777965814, 108137385050689627, 107366408076790931, 109258916618280284, 109245494701380242, 109246888354191676, 655782, 108194052116370584, 109246973279303153, 109247546055461252, 109252553118636605, 109244822725965644, 109253455950429711, 109247949145862909, 109256010726110934, 108198029446831428, 109251794921564282, 109256695400274311, 109256008778270209, 108194242639874251, 109214640101165406, 108131420726034757, 109252235052978846, 471838, 108723725919401467, 109246632288844654, 1076441, 7474, 109245350783600258, 109246920412223781, 109247517194228428, 109245979872804131, 109252952318643427, 109258757152861763, 109247939891597583, 109247185181465456, 109248614317108614, 109259278083054896, 109251886904079015, 108131604772356656, 109244060107520876, 108369498063051845, 508947, 109256131633589875, 109245513949528889, 9115, 109257122448549420, 109244873022245160, 109246218371978902, 109244426587899179, 109248139002764218, 108193906594084268, 109247019091365420, 109248791378546596, 109253632453306746, 107572277891683065, 109257271355933591, 109247785295131472, 109247772382140748, 109238685078021005, 109252718171391012]	Health Psychologists
ajamesgreen	mastodon.social	[109259971799637065, 110298565370478343, 110040584520654856, 109434586087405448, 269330, 109346748972408191, 109273551022647026, 110039882513807473, 109282008063495952, 110188569422671073, 109393316527564277, 110156474743664338, 108096914931537631, 109542132910313552, 110008682724443866, 109368194746156778, 110109178042105615, 109292880006831243, 110051830951015017, 110050772058725656, 110032989443384153, 110017867181246565, 1148925, 109982908539283035, 109309862939165488, 109300023291041161, 107073643636987210, 109889170935847642, 109950141631999518, 109306757939022074, 109840329027832108, 109852760857640702, 109727883339218958, 109833806992250531, 109290127299958021, 109841072489180577, 109840959558794602, 109737963802321286, 109834555523990380, 1222757, 109294964899133606, 109802869817254830, 109367157413943295, 109801575055795445, 109297098433457040, 109796275397070485, 109302635240606113, 109324563405317265, 109783192929553172, 510714, 109405628286594829, 109523763635711474, 109746355358125670, 109746753925678194, 108201606392045324, 109291562723174501, 108131420726034757, 109279346218275170, 109247459279095464, 109546554371432688, 109306861802942969, 109734506473674772, 109332158369279154, 109333200559374497, 109507131739410804, 107840808588585528, 109715026326844502, 109395879490056409, 109373857575281722, 109514163139928964, 109677400768519593, 109363342998068250, 109439720555654227, 109313059382848355, 109264870817152777, 109376869870947292, 109656499306682845, 109308767810562090, 109336544675656588, 109273659333945010, 109581106024577552, 109309534377561619, 109630909832004598, 109291823167123519, 109330068846137907, 109327491979584056, 109624474519036586, 109537695278105054, 109611249148054219, 109609312096153088, 108196880985645678, 109585577376302859, 511686, 109516392091054985, 109580633685139762, 109579569305789047, 109568028180658191, 109381213085070609, 109315424755353350, 109300913625178567, 627441, 109293689482387740, 109562664974425735, 109553530018504893, 109520146042800733, 109468823581521337, 109418090569365313, 109373600166758010, 109245841657140692, 109271441687908011, 109548361256997480, 109403160426294789, 109547892274949944, 109523565245568943, 109545967108336363, 109536564774823577, 109541374666067802, 109534765237739118, 109539854206336781, 109293486671983660, 109253998218956667, 109524367933233992, 109266722141774615, 109538400014386705, 109522400305307844, 109536920121435260, 109537594058897973, 109518577259870681, 109537118145930123, 109382419541326440, 109536889262293331, 109302670096204396, 109536815408173240, 109276579309166175, 109249438215922885, 109338156360904854, 109502998554448733, 109498128153577690, 109315363784888564, 109286358919610438, 109529689097879997, 109490443711550588, 109526829536275040, 230520, 109525091310929142, 109524834869457350, 109524904487901846, 109268328241505575, 109315886814512156, 109523089695003829, 109522178898026532, 109323478154989138, 109244860993124073, 109519584192094572, 109515544721257247, 109311257870739986, 109399994363309361, 109293115514475773, 109278743570202833, 109511036022632341, 107192220324249637, 109344045797021405, 109508163786400704, 109507569943487436, 109503547696228534, 109364338924847282, 109501471444916868, 109501188249816806, 109498515217753548, 109256870452366848, 109247595520532416, 109317086489562295, 109289340774457085, 109388530088805424, 109298417674481791, 109246169537795672, 109318417986705178, 109305155947597481, 109395435312649837, 1043417, 109451900351757462, 109370222626225494, 109142624504431662, 109244426587899179, 109326738115504713, 156899, 109364397339089255, 109335212709545293, 109436858909367467, 109427587779035503, 109435158436196121, 109288122124318975, 109245630864091812, 109432841945868439, 109294367695566532, 109248081809995240, 493191, 109252201925627361, 109427389426220562, 109327924435547757]	Health Psychologists
tugcevarol	masto.ai	[109377941468196529, 109246632288844654, 508947]	Health Psychologists
lmwarner	mstdn.science	[109246632288844654, 109246074400028847, 109255913829237365, 109252495890227428, 109259461805091902, 109505471239014481, 109258423972158505, 109387629514287045, 109381604483684612, 108369498063051845, 109258225646662568]	Health Psychologists
natplas	home.social	[108369498063051845]	Health Psychologists
cnsyoung	fediscience.org	[109246074400028847, 110188569422671073, 1076441, 109515544721257247, 108083644122837944, 110050772058725656, 72270, 109982908539283035, 109256638254657336, 109965064665444982, 108232281049230170, 109840329027832108, 109362257128139952, 109405628286594829, 109511036022632341, 108131420726034757, 109247459279095464, 109507131739410804, 107840808588585528, 109358544043904637, 72915, 109245841657140692, 109246554904857531, 15528, 109344929926223185, 489081, 109503029695143777, 546771, 109501188249816806, 109498515217753548, 108194363543185150, 1108053, 109279036136486146, 44998, 109253279531058930, 109365716339734102, 108219153777910954, 109377941468196529, 251479, 109387470526069308, 108176559827658279, 108449440111950170, 19968, 109250498351931248, 531544, 34236, 109358460754282404, 109311327831842654, 109355837287160638, 590613, 109252880783720451, 109247712952305913, 109248989253155499, 109245133386119610, 109343636993806037, 108194660440392188, 109245042280376838, 867925, 109258916618280284, 857177, 1002786, 109313583679608371, 109246459043892380, 109298036583530755, 109257743235227749, 109246298896374050, 109252166303957311, 109244905307403884, 109249252317987436, 109252496278310308, 109244081326433869, 109258225646662568, 109247219736728009, 109246203830224088, 12638, 31190, 109252614982770138, 109245824485515075, 109249643504294545, 462985, 109252083220218143, 109246616244422580, 262096, 109246865231083964, 109244565694558814, 109252201925627361, 109248219490492095, 627441, 109254105973251770, 109252341968608954, 109256437390494166, 109247595520532416, 109246492841740989, 270445, 109253123235743333, 109258625847441460, 109246083883991240, 109258733090629381, 109246229896391975, 109245932155891881, 109251417818943012, 109247772382140748, 109247785295131472, 109247820766440512, 109240917482988460, 109244426587899179, 109253276310130545, 109252235052978846, 109248734198675195, 109248320320276845, 225146, 108193906594084268, 109251752440742007, 737544, 109256873872791524, 109249284083711078, 109246901369637788, 109245812461245940, 109247939891597583, 109253006605560074, 109252229648540664, 109252987244564814, 109246976571082957, 109247185181465456, 109246365417627405, 109247286189883850, 109246890020731879, 109215316069825663, 109245350783600258, 109245169835601001, 107572277891683065, 109253614677745032, 109257331579612121, 109258721327914481, 109247105033464230, 109246920412223781, 109257122448549420, 109252718171391012, 109251886904079015, 109250875383964242, 109250248779502232, 109251491010550075, 109257102395976315, 109250461690291826, 109249036425741875, 109252975695909094, 109248791378546596, 109253573203528596, 109245961326640035, 109252070407943194, 109246632288844654, 109245702141099726, 109248139002764218, 109246111844957277, 109248248921197592, 109244060107520876, 109245979872804131, 108369498063051845, 109245835706238324, 109238685078021005, 108198918715093132, 1296320, 391764]	Health Psychologists
segerstrom	mastodon.online	[110188569422671073, 109982908539283035, 109245513949528889, 109507131739410804, 109245841657140692, 109255913829237365, 109359695822582919, 109344929926223185, 109501188249816806, 109498515217753548, 109247595520532416, 109246203830224088, 109357478491006980, 109305634497287507, 109362277689420135, 109387629514287045, 109258701784635155, 109247820766440512, 109244426587899179, 109246920412223781, 508947, 109253053704031034]	Health Psychologists
mayabraun	nerdculture.de	[110188569422671073, 109982908539283035, 109358460754282404, 109246632288844654, 109306861802942969, 109507131739410804, 109245841657140692, 109344929926223185, 109501188249816806, 109498515217753548, 109247595520532416, 109246203830224088, 108176559827658279, 108449440111950170, 531544, 109258423972158505, 109256629487199496, 109248320320276845, 4176, 109248756401581240, 109252987244564814, 109294044587722399, 109246405121404084, 109310238010975029, 109244426587899179, 109245360235132937, 109268717706305461, 590613, 269330, 109252294337269013, 108369498063051845]	Health Psychologists
lauramkoenig	scicomm.xyz	[110156474743664338, 109497590308458920, 109247712952305913, 109247242786817103, 109507321221235651, 108130769549430985, 109511784481541676, 109505471239014481, 109238434110322068, 109245439068200472, 107559097806372511, 109245702141099726, 109245473999460059, 108176559827658279, 108141048066048270, 109250109402384764, 108530908124312014, 109246028364156467, 109358460754282404, 109204931785942103, 108192740735743549, 109363055188418299, 417031, 109257920109095859, 109358046744065837, 109252495890227428, 109255913829237365, 109246382700016844, 109246632288844654, 109247517194228428, 108369498063051845, 109258084569762280, 109354371689219957, 109248139002764218, 109244426587899179, 109256472092455818, 109259258890711540, 508947, 270477, 109238821428251114, 109258754451069494]	Health Psychologists
claudia_teranescobar	mastouille.fr	[]	Health Psychologists
Koller_JE	sciences.social	[109358460754282404, 108193456384702121, 109256906323204875, 109505764863823442, 108369498063051845, 109238821428251114]	Health Psychologists
ThomasGultzow	mastodon.nl	[109902744110371867, 559242, 109245078365320623, 109358593207924769, 109244618707098765, 108141861268643480, 39061, 108369498063051845, 109246632288844654]	Health Psychologists
profsanderman	mas.to	[109250608807929048, 559242, 9830, 109246823307947889, 109246865231083964, 109245396706415461, 109359695822582919, 109253279531058930, 9226, 109256248278103769, 109259649634443542, 109358460754282404, 109355924810865371, 508947, 108193802805193596, 109246632288844654, 109246028134653386, 108369498063051845, 108197679983522147]	Health Psychologists
StefaanVanDamme	fediscience.org	[110188569422671073, 109982908539283035, 109306861802942969, 109507131739410804, 109245841657140692, 109359695822582919, 109344929926223185, 109501188249816806, 109498515217753548, 109247595520532416, 109245439068200472, 109246203830224088, 108176559827658279, 109256297574382500, 108449440111950170, 531544, 109258225646662568, 109247677289475597]	Health Psychologists
kanecarlock	mastodon.social	[110040584520654856, 109346748972408191, 109516392091054985, 109273551022647026, 110039882513807473, 109612228270817166, 107073643636987210, 109405279764928927, 109358460754282404, 109416448630536257, 109630909832004598, 109264380876940750, 109268832737803498, 109343862290129720, 109498683458299501, 109557088514156275, 108771257844318005, 109691265015622114, 109287161922564461, 109501471444916868, 109293037247449928, 109327491979584056, 109624474519036586, 109403256073406956, 109529082621403302, 109293718829135144, 109377536289047409, 511686, 1217997, 109378606610078423, 109286089080638529, 109540989790871851, 109539719555622807, 109296153592444069, 109305595080879355, 109305054149809016, 109309757423823471, 109504430691347487, 559242, 109483537674023280, 109424417776119577, 109475227339672600, 109246169537795672, 109296722940886189, 109446227754571050, 109292812872005528, 109248081809995240, 109318417986705178, 107909616669852316, 109259796145233694, 109372427268872933, 109303860780207378, 109385470989577248, 109376501510892150, 109434886932028404, 109421044112507022, 109370992935025460, 109410525396152749, 109264395786952433, 109429074222756437, 109359513572123083, 109362525421722958, 109275798513501951, 109388530088805424, 109303899543498192, 109299728304317647, 109264252960345210, 109244378205730686, 109252201925627361, 109374008505106435, 109414176418104300, 109258423972158505, 109392473775767405, 109321998993432959, 109295486549688807, 109302919779639569, 109382417410664167, 427668, 109362830585545708, 109321340502756768, 109323967246055183, 109365437578484484, 109356797116891821, 109249633491878113, 109367294403802475, 109373600166758010, 109257181521234789, 109367274879756411, 109367064931741765, 109366592236483933, 109297065863268553, 109265057629052015, 109343247746127753, 109332698151774642, 109325672733125544, 109299509714973968, 109341567768047015, 109328853969745616, 109255121140087398, 109285712656200059, 109293671776999703, 109246616244422580, 109250498351931248, 108198176380165531, 109258950822786346, 109269087862531174, 109292980312867811, 15626, 109326543172815203, 109249014792189110, 109258327903917139, 109287313778599100, 109291083937512779, 109327219088096356, 109265586362469046, 109304408712034977, 109322813188369678, 109321349842628706, 109291711469057575, 109298036583530755, 109287455610675778, 109286639583633714, 463511, 109297154674338922, 109275636937887096, 109304946433367686, 109274539439724002, 109299703894012686, 109286780524194726, 108369498063051845, 108198918715093132, 108193026303173894, 109264371270680960, 109275070068085246, 109252042062830578, 109285168298558744, 109251886904079015, 109280392233182947, 508947, 109247928625335719, 109253123235743333, 109252026199846503, 109250461690291826, 109112810904673656, 109245702141099726, 109243580494811428, 109247530676144992, 58334]	Health Psychologists
JudithRosmalen	akademienl.social	[109251178138983349, 852426, 109909016471385630, 109839855671314609, 109252119150079742, 109258914874201998, 109246155949960615, 109244330430244643, 109257155185692236, 109245604357974581, 109247879451611082, 109253120538548405, 109250125363240077, 109250645591155687, 109259456363850364, 108081665972586704, 109245458754807423, 109257568954156252, 109242343603186733, 109250811891372952, 109245396706415461, 109258716731201290, 108079759900770582, 109258919995475900, 109359695822582919, 109246774118940972, 581917, 109256874380672486, 109245296285496078, 109256304475599925, 109511490579682688, 109496159437304669, 109245404549030091, 109245797371941090, 109245373941556916, 109245531519879403, 109258985413421075, 109239237633784585, 109258498477928047, 109375409835165696, 109250167864758635, 109247712952305913, 109260020922570424, 109241377387706303, 108197951076579152, 109253253345898590, 108194943431226371, 108266458925648585, 109247949145862909, 109245178271711327, 109256638254657336, 109245392250879973, 109258444254818643, 109245863352603810, 109252199718581894, 109245206187653175, 109259716039115824, 109252915420702707, 109252224083850723, 109259194698147304, 9226, 109253044668796280, 109258832479168746, 109257877636486591, 109258486175827551, 109258255958778426, 109258567966220167, 109258324572516516, 109253623202408827, 109259228678035673, 109253211071127791, 109257340359663597, 109256510651666749, 109250528618106289, 109250298354859296, 109251329544302271, 109250714176796931, 109255512510617448, 109250541341718036, 109249859473704258, 109248512574572400, 109256331538932215, 109251315037729749, 109252398149969022, 109250123429306936, 108198080576267839, 109246642231695483, 109246358483604416, 109245349057379107, 109247933270986451, 109247538985628631, 109246751840691174, 7580, 109246055576343145, 109246766914079604, 108227758255345114, 109246233234602032, 109244983809212266, 109247924836434706, 109245007084969978, 109245042762768123, 109245654725829065, 109244322519467463, 108197679983522147, 108196750148411921, 109245452120174552, 109246028134653386, 108197301884278299, 8699, 108194696272174417, 508947, 108192719882892278, 8909, 109244426587899179]	Health Psychologists
HealthPsyKN	scicomm.xyz	[108369498063051845, 109245439068200472]	Health Psychologists
neter_e	sciences.social	[108369498063051845]	Health Psychologists
PhilippMSchmid	sciences.social	[110028031672577720, 371942, 109845298550366701, 109930400655432322, 108243019410368041, 1078390, 109362126143947628, 108674151318199301, 109259960879305242, 109705456444656504, 108153709028564804, 108147087055662876, 1069280, 109259649634443542, 109253772863362756, 408445, 580786, 108369498063051845, 109246632288844654, 109257335681136178, 109508391569981588, 109253301875072031, 109259489876683983, 109365716339734102]	Health Psychologists
drtifftaft	nerdculture.de	[110188569422671073, 110169011395734407, 109982908539283035, 109519738403978424, 109518383098915668, 109678535286061260, 109306861802942969, 109507131739410804, 109563670563392455, 109252260213640970, 109498790443014305, 109246431255010330, 109247378687094183, 109258018676849983, 1076441, 109383834708129347, 109245841657140692, 627441, 109344929926223185, 419425, 109506632283910012, 109507125830728381, 109501188249816806, 109498515217753548, 109247595520532416, 657423, 109246203830224088, 109215241238544566, 108176559827658279, 108449440111950170, 531544, 109258117508729618, 4176, 108194864331082069, 109245631192496345, 109358460754282404, 109245360235132937, 559242, 109246298896374050, 109246632288844654, 433723, 109259558568073734, 109254135842256086, 109244426587899179, 109251886904079015, 1002786, 109246459043892380, 109257743235227749, 109252166303957311, 109249252317987436, 109244081326433869, 109258225646662568, 109258596527038137, 109247219736728009, 462985, 109252987244564814, 432287, 109246733969549848, 508947]	Health Psychologists
moniquealblas	akademienl.social	[109246865231083964, 109246558808570905, 109301583301032598, 109246422295487569, 108369498063051845, 109246029640551764, 109251125365965959, 109245743696236501]	Health Psychologists
BSchuez	mstdn.science	[109246632288844654, 109511036022632341, 109358460754282404, 109259965631383032, 109495076300462487, 467308, 109387629514287045, 237869, 108335007414381338, 109253196587395381, 108369498063051845, 109248171198599960, 109257851215221327]	Health Psychologists
@royawillems	mastodon.online	[508947]	Health Psychologists
