MishJHolman	toot.community	[109845298550366701, 1060200, 109380429389445795, 108197900630052143, 109258271402299355, 511497, 109277325483346853, 669243, 109377014083443623, 801140, 109264829182295597, 109247208959648151, 108194100206452719, 109349303219266656, 109246246484464691, 109259815683309307, 108080257249480913, 109241995804981879, 476510, 109248756292738135, 195032, 108259654155053651, 250057, 109258473366688594, 450895, 109248022493147843, 109245715105751572, 109258230263477822, 109247712952305913, 559242, 109245140107250294, 109243600528842282, 234609]	Genealogy
geneapleau	lor.sh	[110281451418739985, 109845298550366701, 109847100880662484, 233513, 109349303219266656, 109248022493147843, 109378312032932960, 109354994325638136, 109264829182295597, 801140, 109354791755642455, 109246963493225492, 109247795421047276, 109247712952305913, 511497, 109248756292738135, 109241239492360851, 239937]	Genealogy
thedanielsgenealogy	genealysis.social	[107990518454921286, 364664, 109845298550366701, 109506732686159549, 109354210424821248, 540053, 109373962702011283, 19968, 109367985900801733, 109380429389445795, 109378312032932960, 109376543678172877, 109374663507377905, 108318983636879278, 108220028913379754, 109251452203119297, 109241239492360851, 109259815683309307, 109312364040950296, 669243, 109248756292738135, 109349303219266656, 108080257249480913, 3385, 234609, 109354791755642455, 35216, 109247712952305913, 109264829182295597, 195032]	Genealogy
AtcherleyONS	toot.community	[109845298550366701, 109386230136050637, 109349303219266656, 109312476472693223, 108176559827658279, 109248756292738135, 109258683284460813, 109247712952305913, 109241239492360851, 109264829182295597, 234609, 109243600528842282]	Genealogy
Liz	toot.community 	[109845298550366701, 109841406407368773, 109356656202357118, 109264829182295597, 107990518454921286, 476510, 109247208959648151, 234609, 109248756292738135]	Genealogy
ScottishGENES	mastodon.scot	[]	Genealogy
cissell	fosstodon.org	[109845298550366701, 109264829182295597]	Genealogy
ancestorsreunited	toot.community	[109845298550366701, 109376543678172877, 109374663507377905, 109264829182295597, 109349303219266656, 109248756292738135, 109241239492360851, 109245715105751572]	Genealogy
leprchaunrabbit	mstdn.ca	[107990518454921286, 109845298550366701, 409194, 109354994325638136, 109373962702011283, 109377014083443623, 109248022493147843, 108176559827658279, 195032, 669243, 109264829182295597, 109349303219266656, 109247208959648151, 559242, 325081, 109243600528842282, 109248756292738135, 109241239492360851, 108194112465040522, 239937, 109247712952305913]	Genealogy
LVChristensen	toot.community	[110103751115323798, 109845298550366701, 108296538789124852, 559242, 109355963066208929, 109533568676222873, 109292742831139872, 109256325783998026, 109356656202357118, 109251523440130976, 109258841967260524, 109258903400830190, 109259931564212295, 108196945492568976, 109249658402510624, 108194111349566214, 109259209223612664, 109259743076912247, 109258584951311009, 109258901835274844, 16393, 478964, 109258473366688594, 109373962702011283, 109259210608578587, 236466, 109246120984435842, 109259131421844727, 108249106013752343, 109290863468520688, 109257371613025382, 109337283812265216, 109258735960942520, 109246246484464691, 109246432678838036, 108198921112183684, 109253792537270451, 109256906323204875, 108283317532422786, 109252701444943265, 109252174589596169, 108197214758969294, 109255827296489530, 109241995804981879, 109259294367129069, 109219111203750403, 396605, 109362220056686649, 109259019591013600, 109242713911758871, 109258782157110936, 845526, 109247712952305913, 109264829182295597, 109246963493225492, 109349303219266656, 108176559827658279]	Genealogy
Julie_Gfamily	toot.community	[109845298550366701, 109246981345739056, 108772405993602191, 109312476472693223, 109354791755642455, 109245715105751572, 109315302097941403, 476510, 109243600528842282, 109247208959648151]	Genealogy
bjnlsgenealogy	mastodon.nz	[109845298550366701, 107990518454921286, 559242, 109247712952305913, 109373962702011283, 109374663507377905, 109248022493147843, 109264829182295597, 109349303219266656, 109356843355733720, 109245715105751572, 514531, 669243, 108259654155053651, 109247208959648151, 239937, 109258230263477822, 195032, 109241239492360851, 109248756292738135]	Genealogy
ArrogantHair	mstdn.ca	[110092123189215617, 109845298550366701, 109294229643555949, 161994, 109362008366495855, 109249151132606086, 109368367721161182, 109328292353242457, 109368779687740629, 96858, 109259611022987516, 509531, 108197012196056024, 109251583590414987, 108354298200655695, 108308352489453436, 303722, 409552, 109255406191199919, 109257945507422703, 109244967975340858, 41825, 109257768202577449, 109252043786856482, 109291832731354697, 108221322111838061, 109250875383964242, 109254105973251770, 109256668804419726, 1065972, 109244957308597709, 109244473119372960, 109250689359399329, 109259163902933965, 109245981843893237, 109248793113455368, 109248412579221705, 109257458184741896, 195980, 109242370367194136, 108193463387819425, 109253306180601644, 109246044479113652, 109243488853574031, 108199179666183300, 151687, 108157682986170676, 109215806011730188, 109236501730211262, 109245332094566989, 513224, 109257604209537566]	Genealogy
LisaBonnice	mastodonapp.uk	[110107916582837391, 109845298550366701, 109356656202357118, 521140, 109264829182295597, 1136224, 109245715105751572, 108197063178001164, 109248022493147843]	Genealogy
Genealogystories	mastodon.me.uk	[110103136158270038, 110070745350948262, 107990518454921286, 109845298550366701, 109256181425431707, 109841406407368773, 109835824378980740, 109349303219266656, 109334002547784259, 109259646854369446, 109356656202357118, 109314497321462652, 109314580066945751, 109264829182295597, 109374663507377905, 109368746172708628, 109353846943878698, 109354791755642455, 35216, 109337283812265216, 195032, 108197873928425950, 109245715105751572, 109245541094634872, 109258230263477822, 108220028913379754, 109248756292738135, 106808972891141241, 109258474789793517, 109247208959648151]	Genealogy
hjarmstrong	mas.to	[]	Genealogy
Miscelena	genealysis.social	[109845298550366701, 521140, 109373962702011283, 109241239492360851, 109349303219266656]	Genealogy
Childsercallops	toot.community 	[109845298550366701, 109264829182295597, 109312476472693223, 234609]	Genealogy
SteveLittle	journa.host	[]	Genealogy
Stephhill	toot.wales	[109845298550366701, 109264829182295597, 801140, 195032]	Genealogy
SeaGenes	lor.sh	[109845298550366701, 109246120984435842, 109264829182295597]	Genealogy
neilwholey	mastodon.world	[110149979465086052, 110116738758199334, 109845298550366701, 108197873421611457, 109259658853432393, 108131627816506626, 109353792231637650, 109313583679608371, 109354590930563521, 109365716339734102, 108194402925670785, 109255827296489530, 108198848255083064, 513607, 109249658402510624, 109246554904857531, 109258905744666063, 109368779687740629, 109258841967260524, 109258162182375282, 109259111007178293, 109259383114252277, 109504399199545473, 109245715105751572, 109259743076912247, 109259019591013600, 109258290907292459, 109252701444943265, 108199281502070458, 109242713911758871, 109359173981794042, 109354945658233845, 108219153777910954, 462734, 109246120984435842, 108221818435278143, 109249727689978662, 108195747080357170, 17576, 109264829182295597, 109246175391111003, 108277881690305459, 109353237241621747, 328743, 596933, 109337283812265216, 109244618707098765, 239285, 109247712952305913, 312798, 109259687410249987, 41825, 1150722, 109246202582264591, 109309504886369476, 109256906323204875, 109241995804981879, 109286669584107905, 108199209267286153, 152252, 109259855425926327, 109247219736728009, 109259411392719860, 321631, 109247423345551086, 109257732868056458, 109245295244860260, 476510, 109245242154847803, 109245541094634872, 109250172191299098, 108231099035193302]	Genealogy
sharnwhite	mastodon.scot	[107990518454921286, 109845298550366701, 109834069894154836, 669243, 559242, 19311, 109354994325638136, 108282607750436432, 109243720604242583, 264992, 521140, 540053, 108176559827658279, 109252174589596169, 109250467311834639, 109362220056686649, 109248022493147843, 109338329894218453, 109258901835274844, 632250, 109354791755642455, 109264829182295597, 109349303219266656, 108194100206452719, 109246963493225492, 801140, 514531, 108267994210386967, 109243488853574031, 195032, 109259131421844727, 476510, 109243600528842282, 109256906323204875, 109247712952305913, 314726, 109295389800266468]	Genealogy
Springhill_OPS	toot.community	[109845298550366701, 109264829182295597]	Genealogy
AllThoseBefore	toot.community	[]	Genealogy
tasteach56	aus.social	[109845298550366701, 109901555458611801, 109595027531764263, 108176559827658279, 109368367721161182, 109354994325638136, 109264829182295597, 109349303219266656, 109247712952305913, 801140, 195032, 15216]	Genealogy
rebekahthorn	climatejustice.social	[]	Genealogy
karistina	toot.community	[]	Genealogy
Researchdogbody	toot.community	[]	Genealogy
ChadHanna	mastodon.me.uk	[110111958056697630, 109845298550366701, 109349303219266656, 109264829182295597, 476510, 109245460448537757, 482712]	Genealogy
WaymarkGenes	mastodon.green	[109845298550366701, 109303680880410212, 109264829182295597, 109245715105751572, 109248756292738135, 109241239492360851]	Genealogy
1nchntd1	mstdn.social	[109845298550366701, 109349303219266656, 109373962702011283, 109264829182295597, 109337283812265216, 511497, 109244878628435597, 476510, 109248756292738135]	Genealogy
shannonfield	toot.community	[]	Genealogy
GraveyardSnoop	mastodon.online	[109257554026516761, 109845298550366701, 521140, 109264829182295597, 299116, 476510, 109241315062900881, 449583]	Genealogy
kwheaton	sfba.social	[110128881170754187, 110090945533560092, 110103751115323798, 109361408047449185, 109314719785101432, 108390124684993425, 110046185727124542, 109245493701529453, 110015350407560779, 109845298550366701, 36206, 205307, 107990518454921286, 454392, 662404, 109257667776772001, 108341201232132775, 109501018480799184, 109258175048797222, 109250129498746056, 27883, 109471433863974942, 109246666696614366, 109372678760853817, 109258661404545930, 19930, 109203180809828991, 979873, 109246561418793285, 109354994325638136, 109349303219266656, 108195046425770204, 109258540857071869, 109246120984435842, 109264829182295597, 109258528504921542, 109248289165967098, 109355585230065987, 109354614709841195, 821282, 109314497321462652, 109258604305063434, 669243, 109138679664740236, 109241807318559712, 315957, 109249438379674646, 496629, 514531, 824488, 109254519388773773, 109281624831792274, 109257532556156800, 109245596698178154, 108198023860219543, 109248756292738135, 109254370231441291, 195032, 109253325937471826, 109243600528842282]	Genealogy
genebrarian	mastodon.nz	[110149979465086052, 109845298550366701, 109313583679608371, 108130010178365009, 109368779687740629, 109245541094634872, 109247712952305913, 108195673086203016, 108219153777910954, 109249727689978662, 479446, 109264829182295597, 109359200485854532, 109353932748293185, 109349303219266656, 109337283812265216, 109259931564212295, 109247052254201092, 109258700025626017, 109252174589596169, 19311, 1150722, 109291481390147996, 109259797244452860, 109309504886369476, 109258841967260524, 109286669584107905, 109258901835274844, 109258473366688594, 109259956569125902, 109247219736728009, 109258735960942520, 109258782157110936, 478964, 109257732868056458, 109242713911758871, 236466, 109259941835271053, 109259131421844727, 109258381153787515, 396605, 109242617515162035, 109249658402510624, 109251239581812712, 109258586002396811, 109256906323204875, 109259111007178293, 109253792537270451, 109241995804981879, 109250467311834639, 108198921112183684, 108197214758969294, 109245535247047306, 109256346112601960, 108194111349566214, 1138668, 109252701444943265, 109259370571543393, 109259294367129069, 109259484073296381, 109259743076912247, 109259019591013600, 109253546141798209, 450895, 109259209223612664, 109254568220771154, 108197226499622039, 230989, 108247299651826014, 109242034934713074, 109259467294651081, 454561, 214074, 108191888834338818, 109250876571905350, 234425, 109258224733865538, 156604, 109243603041816929]	Genealogy
StoneScrubber	toot.community	[109845298550366701, 109349303219266656, 109380429389445795, 521140, 540053, 109264829182295597, 3385, 109245715105751572, 35216, 109246963493225492, 106519828156952418, 108080257249480913, 108176559827658279, 109311938264413445, 476510, 109248756292738135]	Genealogy
helenshields	toot.community	[109845298550366701, 109264829182295597, 476510, 109248756292738135]	Genealogy
wychwoodnz	mastodon.nz	[109248391235510402, 109845298550366701, 109481703677631926, 234425, 109496616821027227, 109349303219266656, 109248919941092315, 109471433863974942, 109373962702011283, 109258508133811739, 109264829182295597, 109242983879892509, 109312476472693223, 476510, 109248756292738135, 108193147610839451, 109247208959648151, 108197362213789563, 109243600528842282]	Genealogy
AncestorsAliveFPTP	toot.community	[109481703677631926, 110149979465086052, 110145396206040527, 109845298550366701, 109253288464043190, 109246066493998203, 109259815683309307, 109245715105751572, 109264829182295597, 109520507479610437, 109506732686159549, 408065, 109236400208258951, 109349303219266656, 109246247340047348, 521140, 109354791755642455, 35216, 109243632893622609, 195032, 476510, 559242, 109247712952305913, 109247208959648151]	Genealogy
johnboeren_nl	genealysis.social	[]	Genealogy
EJBrand	c18.masto.host	[108192991996167735, 110288710789004744, 109264829182295597, 108228796735866969, 110149979465086052, 109257554026516761, 110100707557493905, 961187, 110050801484425447, 110015350407560779, 107990518454921286, 109845298550366701, 109287808503083795, 109857402965573951, 215128, 108297519752252221, 109759881418232975, 108198817145815581, 108198033339021305, 109355897447832368, 109313583679608371, 109733563365192924, 109361981244154945, 109258155870052352, 42809, 1053240, 14838, 109309157546935328, 1138668, 109328074638035706, 109277325483346853, 109245307177305959, 19289, 107192220324249637, 36272, 109258175802958946, 109256325783998026, 108198129011446314, 109240841037544343, 109362316137054587, 109242939701433319, 108194611266945726, 109258581541268499, 109292742831139872, 466008, 232571, 599141, 109367008550536599, 109509532940030845, 109259595518315041, 109253137675671097, 109242834735800567, 39464, 214074, 109520968693481493, 109508890089478035, 109520837788793767, 237795, 109311723661130751, 109365540270346667, 109259658853432393, 109313317632229092, 852195, 109354549340343028, 411235, 109360245546283193, 109368779687740629, 109244747215690395, 471804, 109285913995427746, 109245317804247071, 108239439174950751, 109521032613939160, 274713, 109517841264138383, 236435, 109246810080713542, 109259174496810108, 109521108714131421, 408046, 109520984505213365, 109444148356714818, 109253582385125569, 109251623577854138, 109354136597148165, 109505727505039737, 466989, 109354374783981799, 17545, 109498020130105955, 247147, 109314557944849170, 476737, 109456997793304555, 109247257130427828, 109258841967260524, 109257589892242801, 109242103087652451, 109256626179824512, 409660, 109258834639858924, 216387, 108135618365127196, 109423669115354757, 478928, 15688, 109243364418068606, 109252402544268801, 109246308036614816, 108219153777910954, 109258903400830190, 109259931564212295, 109256346112601960, 405401, 109247019547619419, 109365613920001319, 108220094526127332, 33836, 108195059977880628, 109249727689978662, 109257667776772001, 108196945492568976, 109358839020741631, 238078, 108131666499558131, 109251763096137550, 109249658402510624, 108196980178026571, 109258586002396811, 19311, 109259111007178293, 109245535247047306, 108194111349566214, 109259209223612664, 109257662400042733, 109259743076912247, 109258584951311009, 109354221984943354, 109259131421844727, 109356233594252865, 419526, 109257639774239557, 109365583353019413, 109258901835274844, 109362220056686649, 109366628019833592, 108198620944845727, 109242713911758871, 108249106013752343, 109282547949998510, 455176, 109258162182375282, 109292023046477071, 109248488707173074, 109258755019162174, 16393, 109248334904812768, 109259714043981222, 109243803422695841, 109253792537270451, 109253210750673263, 396605, 108194107178923518, 236466, 109360043505506587, 109359173981794042, 46007, 109251573357720776, 109246432678838036, 109252701444943265, 109257371613025382, 109259756469400211, 108197214758969294, 109245911437151830, 19522, 108221818435278143, 109252174589596169, 109259294367129069, 109266309007958757, 478964, 109259019591013600, 108283317532422786, 108198921112183684, 109242938066235229, 109257542135853175, 109245255954755006, 109257448758598769, 164629, 486923, 109354614709841195, 109353792231637650, 632250, 109359200485854532, 108279919557660192, 109280460459140236, 108240681824852698, 108199374483370995, 109245981843893237, 109243706270006429, 7377]	Genealogy
elsie	toot.community	[]	Genealogy
UrbanHistorian	mastodon.scot	[109264829182295597, 110066448895230099, 109508182717492449, 109494459040823333, 109243652977822001, 109258926960747731, 109306850733326946, 108280109550578797, 109252697391677599, 109245398352346510, 109258473366688594, 108199374483370995]	Genealogy
sophieboudarel	mastodon.zaclys.com	[109246304841734211, 110026826955555995, 109984036516656262, 109845298550366701, 107208890579836829, 107990518454921286, 1032873, 109355757672436646, 109349303219266656, 108062356912634669, 109240698997843925, 1138668]	Genealogy
familytreeuk	toot.community	[109845298550366701, 1060200, 108242904412404739, 109354791755642455, 109349303219266656, 109247712952305913, 476510]	Genealogy
edintone	mastodon.green	[108330200770425364, 110116738758199334, 110101780064354442, 109257019015927299, 7432, 109872824353300268, 109845298550366701, 109252066521744083, 109481969971041179, 109510199813377181, 454392, 109245140250382201, 109354994325638136, 109349303219266656, 43658, 109303680880410212, 109373962702011283, 109247712952305913, 109246963493225492, 147592, 109244586809421959, 476510]	Genealogy
lissity	mas.to	[109248756292738135, 476510]	Genealogy
LazyLoverUK	mstdn.social	[109845298550366701, 239115, 409536, 109365909670819944, 109353846943878698, 109354791755642455, 109312049068449162, 109311578953648592, 109312464401247426, 109314497321462652, 109247712952305913, 476510, 109304859325853211, 109243600528842282, 109247208959648151]	Genealogy
wharcher	mastodon.world	[109845298550366701]	Genealogy
ScientistSoph	mastodon.online	[107990518454921286, 109845298550366701, 109247655028245977, 109356656202357118, 108196970515775571, 108723725919401467, 109254951105059605, 149267, 109321710824133096, 109373962702011283, 109252235052978846, 109354614709841195, 108193243518748363, 108197873928425950, 109258474789793517, 109257143813191096, 109241239492360851, 109264829182295597, 109349303219266656, 35216, 476510, 109256906323204875, 109258916068949950, 109247546055461252, 109248756292738135, 109253194715747884, 109243600528842282, 109245715105751572, 109247712952305913, 109247208959648151, 234609]	Genealogy
HeartofScotlandAncestry	mastodon.scot	[109845298550366701, 109354550518926022, 109548090007104910, 109353871744161531, 109252066521744083, 109373962702011283, 109349303219266656, 476510, 109248756292738135, 109247208959648151]	Genealogy
JaneRPastToPresentGenealogy	toot.community	[109256906323204875, 109247712952305913]	Genealogy
Auriette	genealysis.social	[109845298550366701, 109298027848060408, 109356656202357118]	Genealogy
lizl_genealogy	mastodon.social	[109263728903855364]	Genealogy
GeorgeShields	mastodon.social	[]	Genealogy
KindredPast	toot.community	[109845298550366701, 109373962702011283, 109247712952305913, 109374663507377905, 109248022493147843, 109264829182295597, 109349303219266656, 109313500280995134, 476510, 109243600528842282]	Genealogy
shanew147	mastodon.ie	[559242, 109845298550366701, 109349303219266656, 230293, 109247712952305913, 109354614709841195, 109245631192496345, 109290994725383151, 3385]	Genealogy
JBrianCoyle	mas.to	[110164508936910980, 322617, 109909002817012413, 109845298550366701, 109837475759125394, 109259738495981019, 109520852433950308, 108176559827658279, 109296890490493194, 109246257825919486, 156899, 108228802891897861, 237288, 230110, 407099, 513675, 109247712952305913, 109253123235743333, 109245796526603920, 109238942979036414, 108296538789124852, 317637, 72528, 108199081121116306, 108195816983123780]	Genealogy
howardbenbrook	mastodonapp.uk	[109845298550366701]	Genealogy
kildunn	mastodon.scot	[109845298550366701, 109354791755642455, 108176559827658279, 109248756292738135]	Genealogy
annettekapple	toot.community	[109845298550366701, 513224, 109288343678239360, 109349303219266656, 109258808665100842, 109247712952305913, 476510, 108193163229606399]	Genealogy
gmusser	mastodon.social	[110296891815390063, 110303550366407096, 110284898340550179, 110301502540162647, 109297150912680263, 110040584520654856, 110281112873331199, 110238773896832915, 109287852742441232, 110252880341363127, 109882256738785189, 110267179222887376, 27938, 110248676676116141, 108292393710281589, 110109223805768148, 108195244630407938, 110242932400282718, 109390709230475831, 110244305458437959, 110242451221008105, 110239761422178990, 109362187288586559, 109259747433336254, 110023178036658335, 109269303528888282, 109259359892291765, 110227117866049464, 108321484221617744, 109246709154131000, 109876617688055477, 109478636235827908, 108202353561994995, 109295078426359052, 109382020409365125, 109257971674343622, 108243222540633833, 109264745543957351, 110187684287763833, 110204057271040027, 110198069784180143, 109362200669065912, 109832471768852877, 109362111737420355, 110192806554177013, 110192637056931349, 109372219295857693, 110191389882469172, 109911729949496502, 109411693146573857, 109540669388779399, 110183566452953204, 109540441975647904, 109982113847829591, 110176595498388091, 110153734557186344, 110173335703448754, 110156474743664338, 109350172430603711, 110013073120718206, 108234295956494513, 109331443181813131, 110160384378935389, 109515052544518835, 110159967230996325, 109537531797420389, 109267760245237525, 109257554026516761, 109408164936298690, 110151973548498533, 110103218157729413, 109304929339233104, 109521128518222952, 110147572900636958, 110137769778708941, 109320468994880653, 974027, 110134730847502068, 109257458420206299, 109604198686224176, 109332513809006449, 109381596465991335, 110128543818838346, 109287656623501884, 110124901599188531, 109302611661107019, 109305357973645514, 110115106028186025, 110113886805311441, 109508942534181320, 109687650142187408, 110111069188763451, 109367919444048964, 110098242511743269, 109291338568453013, 109530760946644719, 108226433878668498, 109283164349585538, 109168846896193452, 109276122358835625, 108194890308088987, 109735411759722432, 110105997282984707, 110105460638135628, 109799642141317127, 110087999584678253, 109523998985142370, 109534964384268579, 109275551507710846, 109417269685207889, 109374616082900927, 109367396966657056, 109314813381685662, 110038328604200802, 109436069516267696, 109336662272745781, 109293613625878266, 1099002, 109389292266376538, 109333105505372093, 109356597753575494, 109366052300785135, 109400359031818099, 109565536948024629, 109431165925036439, 109306674518952914, 109245360015787388, 109364913852100410, 110015350407560779, 109665830989133594, 109358952702568040, 109364281389434474, 110019973666352572, 1284398, 110023430625261183, 110011238930106753, 109962119688508222, 110020964923155487, 109302861302846702, 109984190960994281, 109992029058130424, 109994215431894244, 109991599026705942, 109989547772546669, 109395412370281647, 109739528417536165, 109842528506226084, 109983416667771868, 109977788855145932, 109979395988657580, 109981140576256941, 109976406489375367, 109318911254746037, 109681497861291490, 109421258320542205, 109446206953364296, 109259103818935036, 109333626145566736, 108252190749194038, 109377007547856011, 109321717293050644, 109706142262458426, 1215508, 109248689874593317, 109971570892901662, 109537281322913911, 109954300304823740, 109947934795022430, 109619860816126619, 109892543781053327, 109833957341292248, 109941021932547079, 109937383824546881, 109939874289521234, 109845298550366701, 109933425571904011, 109930334054813238, 109839107111063067, 109923334534255680, 109926534067620785, 109899562459860724, 109594934902917203, 109847070264636922, 109918161117839407, 109366016833585209, 109288595786123197, 109477688100350446, 109330365522720376, 109298762785897017, 109252303098458657, 109902829147210684, 109305904653178440, 109265277788769753, 109317160612921723, 109298642200823974, 109366249519706935, 109383272636927993, 109287714393556067, 109314465245071594, 109905331244450889]	Genealogy
_30Genealogist	mastodonapp.uk	[]	Genealogy
PYMundGenealogy	c.im	[109257554026516761, 109845298550366701, 253014, 109507043965874854, 109243619078174939, 109521109571600487, 109255259224602747, 109520679223620488, 109349303219266656, 109259000153241093, 106359977544356785, 109259889661329375, 109223042194169232, 522618, 109318951483987572, 109314497321462652, 394780, 669243, 109255420305577253, 109319026460596181]	Genealogy
genebrarian	mastodon.nz	[110149979465086052, 109845298550366701, 109313583679608371, 108130010178365009, 109368779687740629, 109245541094634872, 109247712952305913, 108195673086203016, 108219153777910954, 109249727689978662, 479446, 109264829182295597, 109359200485854532, 109353932748293185, 109349303219266656, 109337283812265216, 109259931564212295, 109247052254201092, 109258700025626017, 109252174589596169, 19311, 1150722, 109291481390147996, 109259797244452860, 109309504886369476, 109258841967260524, 109286669584107905, 109258901835274844, 109258473366688594, 109259956569125902, 109247219736728009, 109258735960942520, 109258782157110936, 478964, 109257732868056458, 109242713911758871, 236466, 109259941835271053, 109259131421844727, 109258381153787515, 396605, 109242617515162035, 109249658402510624, 109251239581812712, 109258586002396811, 109256906323204875, 109259111007178293, 109253792537270451, 109241995804981879, 109250467311834639, 108198921112183684, 108197214758969294, 109245535247047306, 109256346112601960, 108194111349566214, 1138668, 109252701444943265, 109259370571543393, 109259294367129069, 109259484073296381, 109259743076912247, 109259019591013600, 109253546141798209, 450895, 109259209223612664, 109254568220771154, 108197226499622039, 230989, 108247299651826014, 109242034934713074, 109259467294651081, 454561, 214074, 108191888834338818, 109250876571905350, 234425, 109258224733865538, 156604, 109243603041816929]	Genealogy
eugenedub	mastodon.online	[109845298550366701, 109246963493225492, 476510, 109248756292738135, 109285831645362742]	Genealogy
Ponga	toot.community	[109845298550366701, 109349303219266656, 418434, 361174, 109373962702011283, 801140, 109253457082215248]	Genealogy
IrishGenealogy	mastodon.ie	[109845298550366701]	Genealogy
cyndislist	toot.community	[]	Genealogy
SaraWasson	mstdn.social	[109492049991696800, 110149979465086052, 109845298550366701, 109313583679608371, 109243668825210826, 108197020813180923, 109368779687740629, 16163, 109244950511708272, 109355526679906887, 531544, 108219153777910954, 109241995804981879, 15626, 108221818435278143, 109334977103603698, 109249727689978662, 109299735004020556, 108195747080357170, 109258175820083512, 109354738337913858, 1142126, 1141660, 109353932748293185, 109258242184440906, 109256906323204875, 109337283812265216, 108217683421739204, 109290817650072734, 109258280545717281, 109249897729756947, 109246246484464691, 109322656798784265, 466114, 452399, 1150722, 281309, 109258311992013090, 109248227628831549, 109252312681213528, 108138192930105044, 109256995332417343, 108381373623632940, 109257575955293667, 108197327506794844, 109309504886369476, 481112, 108196751488624389, 109259474726531087, 109286669584107905, 1148031, 109251988738153946, 231321, 109259855425926327, 109249658402510624, 109248402343007565, 109247219736728009, 106244153040625462, 109257143813191096, 109259210608578587, 109246757985609059, 450895, 28059, 109243910059916180, 108193987656838977, 109247712952305913, 321631, 108197974099861612, 248501, 109290863468520688, 109244518332956815, 109253785681886189, 108198553141144336, 109243488853574031, 108080394552499469, 109258446253851000, 109246120984435842, 108192962246913165, 109258077340134060, 109265620504633111, 109247075859401621, 109259194927231805, 109245541094634872, 109257034735020537, 109258275920521194, 109248221787774270, 108433023201089145, 414687]	Genealogy
Enigma75	mastodon.social	[109365992988256667, 109322227627117797, 109305950850399898]	Genealogy
MoreThanABranch	mas.to	[109845298550366701, 109354921516959116, 476510, 195032, 108176559827658279]	Genealogy
JannetWalsh	mastodon.online	[]	Genealogy
GeniAus	genealysis.social	[109356586414850685, 109354791755642455, 19311, 195032, 109349303219266656]	Genealogy
tonysargeant	mastodon.world 	[]	Genealogy
HeritageMonster	fosstodon.org	[110021114170621615, 109845298550366701, 109247712952305913, 109349303219266656, 481602, 109259687410249987, 147592]	Genealogy
kimberli	mastodon.online	[]	Genealogy
BoydstonLaw	mstdn.social	[109861292958428831, 109845298550366701, 109854169847907308, 109244324741581256, 109349303219266656, 109314506659787077, 109360656335970952, 109498843329780926, 109297570585990997, 109242306384117869, 531544, 109241957429385289, 108213320012011288, 109298536721243555, 109247519554824935, 129510, 1304743, 109258473366688594, 108199005031226769, 109247712952305913, 34236, 109252988768729543, 109258047865946178, 991524, 109240698997843925, 109247759903318695, 108197466376538585, 109244744648853545, 109257822691357987, 109243743889590647, 109311597243745160, 522148, 109204195208038648, 109246977591994678, 109243178986328105, 10909, 241701, 109243034579860674, 109242337264901252, 109259316809949136, 109259943589851136, 109115247953517608, 109245763543633758, 109212385542347474, 109258687622267268, 109253543258605352]	Genealogy
wayfarer1010	mstdn.social	[]	Genealogy
cbgenealogy	mastodon.ie	[110042366537380642, 107990518454921286, 109873400085815546, 109845298550366701, 230293, 511497, 109247712952305913, 801140, 109376543678172877, 109374663507377905, 109264829182295597, 108080257249480913, 109349303219266656]	Genealogy
SocOnePlaceStudies	toot.community	[110193840584834993, 109257554026516761, 107779279069159622, 109845298550366701, 109365100755063712, 109250467311834639, 109373962702011283, 109354614709841195, 109355688480624361, 109314497321462652, 109247712952305913, 109248391235510402, 109354791755642455, 521140, 109349303219266656, 109256288710936152, 109312476472693223, 107990518454921286, 109258230263477822, 109247208959648151, 109245715105751572, 109313500280995134, 311896, 108080257249480913, 476510, 234812]	Genealogy
RhosHelyg	toot.community	[109845298550366701, 109497823019739571]	Genealogy
diggerross_ca	mastodon.scot	[109845298550366701, 521140]	Genealogy
chitarra1600	mastodonapp.uk	[109845298550366701]	Genealogy
mariushendrik	aus.social	[109244505666233213, 109845298550366701, 109251628927842911, 109595027531764263, 109255522748531274, 109257506250047616, 476510, 452582, 109245356175019424, 109245340053139251, 455129]	Genealogy
jhawran	toot.community	[]	Genealogy
alexandradaw	glammr.us	[109845298550366701, 109506732686159549, 108176559827658279]	Genealogy
leslielawson	tooting.ch	[109845298550366701, 109349303219266656, 476510]	Genealogy
sebdaso	mastodon.social	[109506491967908320, 109499922749339411, 109346748972408191, 110149979465086052, 110073850102842279, 109845298550366701, 109893120614077188, 109846611029614584, 109563066137226137, 109313583679608371, 109734506473674772, 109711040013012215, 109649791258321079, 109675752956827931, 109286358919610438, 109307582015371945, 109421661903243418, 109639321305112518, 109622290758419458, 109600565098282268, 109387005660991626, 109604271355483389, 109590805565560633, 109562928577185095, 109557887135788433, 109423952198942717, 109315121250463898, 109296758440959757, 109552046130244285, 109292600013314214, 109547984187027845, 109325584628072635, 109523649257591936, 109246554904857531, 109368779687740629, 109245541094634872, 109421889108442222, 109363198453215673, 109366877281524422, 109252503456777489, 109323478154989138, 109520864869627565, 109301174412388602, 109503289406273285, 109440051546871993, 109244864859434167, 109494440884416454, 109482038056792468, 109356656202357118, 109362308169992610, 109340219269207986, 109444298309815909, 109377536289047409, 109433929132573200, 109307852152027714, 109297598798890881, 109302380387196594, 109389471687194920, 109318457375797561, 108205495804633724, 108219153777910954, 109417532846861253, 109416995230489319, 109322605890720041, 109249727689978662, 109363326466124557, 109395005276231496, 108195747080357170, 108147087055662876, 109338300033903334, 109390133898208853, 109241995804981879, 109383897218427363, 109389525051408840, 109389037347847106, 109301205557966416, 109356106319015996, 109329125617503195, 109386707328703398, 109362946614816677, 109385137739535369, 109384964981316292, 108194838166318357, 109384084727246371, 109383467746321641, 109322026036231534, 109382054615909828, 109380068073497693, 109246120984435842, 108193089730902939, 109326966490201843, 109378830970021521, 109267473918022687, 109292371357770905, 109374209247175102, 109377453905357691, 109372124731171287, 109367770167351310, 109281321470680213, 109376784945923099, 109273047435886027, 109327876096385001, 109372808869032363, 109365016703534252, 109365500554663358, 109366390757348762, 109258031326769655, 109287491759504629, 109286124529132087, 109331833931457587, 109260243736902558, 109365147372867712, 109291145421123300, 109247712952305913, 109322446428643038, 109334380619204545, 109305675240268612, 109304464842663450, 109365992988256667, 109365602275676707, 109365683351331300, 109365116688844508, 109363440988576336, 109291172258982175, 108282633411334803, 109352944675561581, 109292140611363931, 109292031217593258, 109315883272526643, 109252031510877742, 109332766758613578, 109353951816263675, 109353932748293185, 109351073690127019, 109299059628813741, 109290848879251806, 109294061923605626, 109287515906244405, 109328167511463452, 526965, 109349111946674081, 109349447027778602, 109348799164165795, 109315479822502512, 109302362827874228, 109299679388523118, 109243488853574031, 109298995827958852, 109344770271462448, 109339060678868439, 109307656308115350, 109320599446452174, 109291872480008515, 109257945507422703, 109309882768063868, 511497, 109301397116135033, 109337894013751043, 109256906323204875, 109337805072681873, 109321838999166022, 109337283812265216, 109309096992424466, 109273935332501976, 109270295614659310, 109330426710787052, 109244753284879896, 109327266615303423, 109298237092347729, 109293301944241329, 109321901241669627, 109316606027172109, 109297609640257041, 109297287266272851, 109290610201785373, 109309532930552702, 109300736464866213, 109297472993401625, 109248756292738135, 109293010722022597, 109262286906110467, 108196770181068193, 108193464926288334, 109138303376161623]	Genealogy
hillbrookgenealogy	mastodonapp.uk	[]	Genealogy
crossd4	mastodon.online	[109845298550366701, 109354791755642455, 109349303219266656]	Genealogy
jmasonwritedit	toot.community	[109845298550366701]	Genealogy
rfield	mastodon.online	[109845298550366701, 109264829182295597, 109380429389445795, 559242, 521140, 109241239492360851, 109247712952305913, 195032, 109246963493225492, 108176559827658279]	Genealogy
HeritageMonster	fosstodon.org	[110021114170621615, 109845298550366701, 109247712952305913, 109349303219266656, 481602, 109259687410249987, 147592]	Genealogy
BuckinghamshireFHS	mastodonapp.uk	[109845298550366701]	Genealogy
dapperhistorian	mastodon.scot	[110149979465086052, 110102046119376004, 110069884013754111, 107598338750182530, 109997955878555519, 364664, 510479, 109845298550366701, 109512782281750978, 109869634516794007, 108196965407361484, 1190206, 432628, 109217424275177536, 19998, 233292, 109255522748531274, 109313583679608371, 109248092421521663, 462961, 109353658721904586, 521081, 109246530404595912, 109296908415193199, 109290863468520688, 109259595518315041, 109497534874766971, 109244694042267180, 109215564672345722, 281427, 109327056973772649, 36455, 109258581541268499, 474896, 109368779687740629, 109508828222952865, 109520681116664815, 109243607886935114, 109245541094634872, 108194216811615901, 109512643769414904, 109247456281877545, 502809, 238156, 230345, 109243575048198106, 109354374783981799, 28341, 109361876394241651, 109247934036134388, 109208627247067190, 405401, 216387, 45908, 108219153777910954, 29995, 109259188960803890, 109241995804981879, 108198016065682696, 109249727689978662, 109244134641674511, 270547, 1053240, 109359200485854532, 30869, 13880, 109360473432334702, 109357459634993324, 109354791755642455, 108229789787858955, 109353932748293185, 109349303219266656, 109246066493998203, 109248191433724552, 109320301262081140, 109256906323204875, 109337283812265216, 108197781135376090, 228436, 559556, 19603, 109322080955260878, 109257731157047384, 108197044272507545, 109323184420065474, 14737, 109251152153560612, 108239588445493785, 1150722, 522618, 109257103186851104, 109302885567188710, 109315522159207059, 195032, 270241, 109309504886369476, 109286669584107905, 241071, 463511, 229132, 42693, 109243832599298649, 109240740614663097, 109260036046682370, 109248221787774270, 109258903400830190, 109247219736728009, 17655, 109254806128910653, 109258708476117795, 256549, 109243140356117545, 505940, 450312, 109256288710936152, 109253546141798209, 415795, 314726, 109248668082636013, 450944, 109254528719264262, 108193378367391467, 17568, 109258735960942520, 43819, 26898, 39269, 449860, 633918, 109241239492360851, 554558, 109243488853574031, 109259210608578587, 109248756292738135, 109259855425926327, 108193086163891921, 109246120984435842, 467191, 109247027084353096, 109246183475143088, 234609]	Genealogy
Desederata	masthead.social	[]	Genealogy
NakedGenealogy	home.social	[]	Genealogy
stevebutman	fosstodon.org	[109982242827482439, 109845298550366701, 781625, 109290840229128384, 109249658402510624, 477639, 109288130892183422]	Genealogy
MarpleCat	mastodon.scot	[109845298550366701, 109349303219266656, 109373962702011283, 109380429389445795, 109264829182295597]	Genealogy
dnakath	mastodon.scot	[109845298550366701, 109349303219266656]	Genealogy
MelRootsNWrites	toot.community	[109243632893622609, 109845298550366701, 109366811693140341, 801140, 109241451690808677, 195032, 109376543678172877, 109264829182295597, 109354791755642455, 109362220056686649, 109349303219266656, 521140, 514531, 109247712952305913, 511497, 109245409174906070, 109281624831792274]	Genealogy
mightybigtree	indieweb.social	[]	Genealogy
dave_lifelines	mastodon.scot	[109845298550366701, 109841406407368773, 109366609976175679, 109247208959648151, 108080257249480913]	Genealogy
2heritagehunters	c.im	[109845298550366701, 361174, 109241239492360851, 109359384813919682, 109354791755642455, 109349303219266656, 109246963493225492, 109247712952305913, 476510, 108176559827658279, 195032]	Genealogy
azurerae	genealysis.social	[109258271402299355, 109845298550366701, 109354994325638136, 109380429389445795, 109246963493225492, 107990518454921286, 669243, 476510, 108176559827658279, 195032, 109349303219266656, 109245715105751572]	Genealogy
ConferenceKeeper	toot.community	[]	Genealogy
eowyn	toot.community	[]	Genealogy
taneyakoonce	techhub.social	[109845298550366701, 109259343439934411, 109520854362233597, 109245404549030091, 109373962702011283, 208971, 109264829182295597, 109349303219266656, 801140, 109247712952305913, 476510]	Genealogy
coolgarra	toot.community	[]	Genealogy
AncestorsReunited	toot.community	[109845298550366701, 109376543678172877, 109374663507377905, 109264829182295597, 109349303219266656, 109248756292738135, 109241239492360851, 109245715105751572]	Genealogy
justmaryp	romancelandia.club	[109845298550366701, 108199239894423352, 109349303219266656, 476510]	Genealogy
candicelynnb	mastodon.sdf.org	[109247712952305913, 109349303219266656]	Genealogy
FamilyTreeSearchers	mstdn.social	[109845298550366701, 109246963493225492, 109241239492360851, 195032, 109259815683309307]	Genealogy
PattyHankins	genealysis.social	[510714, 561191, 109837834317374255, 108131017378560705, 107990518454921286, 109250534557634730, 110141172424536208, 110178533793174335, 109259359892291765, 109514468038986333, 109244194749389054, 109978350964193432, 423210, 109985373171808372, 110100878444442877, 110106092167690437, 109509206309816436, 109248079834869691, 110075732535822411, 452433, 110030602148541281, 109356586414850685, 109997955878555519, 109521061397295508, 109845298550366701, 269556, 299726, 109253381856022999, 108198957325682787, 108390124684993425, 108216485895593033, 109245927055418203, 108231001443953984, 109254277798340016, 109481703677631926, 109495923164096584, 109257641653033413, 106681619710732866, 108136736278147518, 108730999511932603, 109257922433548796, 149422, 109412921226507991, 109253075745809751, 109256248680647804, 109378222061943492, 108282607750436432, 109253792537270451, 109257667776772001, 28059, 109243720604242583, 109245631192496345, 109380429389445795, 109354994325638136, 481112, 109245329170677516, 109247795421047276, 107215301464188384, 195032, 476510, 109373962702011283, 540053, 109243687868130905, 109362228250609319, 109360446736623885, 109264829182295597, 109366355876244350, 267215, 109241239492360851, 108192620577598422, 109257103186851104, 801140, 109247625395276971, 109247712952305913, 109245715105751572, 109349303219266656]	Genealogy
valerieb	mastodonapp.uk	[109845298550366701, 109245715105751572, 109264829182295597, 109243600528842282, 109258473366688594, 109248756292738135]	Genealogy
Laurie_Snyder	mastodon.social	[110295159831907375, 110279577422010508, 109592765326775579, 109720796820321760, 110272765807497344, 110267867052240905, 110260938379353087, 110231109976274880, 110255114024079669, 110249010338007957, 110238903546128644, 109337364327096485, 110213838681348468, 110173335703448754, 109377393368964990, 110170286725487289, 109294360465150201, 110136921323698745, 110141172424536208, 110156474743664338, 109257554026516761, 110103218157729413, 109293580595119636, 110006342264277188, 110108085128495120, 109257705077711006, 110111958056697630, 156899, 109286797506590652, 110038966028448660, 107192220324249637, 109984190960994281, 108210426054342642, 846418, 109983150922059677, 109981140576256941, 109976406489375367, 109257920109095859, 109389054650360785, 109845298550366701, 109356354047801580, 109921200911031230, 109367257095417707, 109909884099504191, 1124758, 315076, 109893120614077188, 109365296493868454, 109868402655994547, 109365797280906207, 109335802005092207, 109852760857640702, 109852343259315199, 109368438788600696, 109841204945105458, 109304690747914181, 109394920894164425, 109383504833205000, 109814624197531447, 109812842715052047, 109808880430729445, 109800512444208531, 107089062392448568, 109622143718368908, 109372350309470984, 109348704445864910, 109770057343725048, 109426449043060471, 109296884803667792, 109756741078958635, 109751779513002189, 109379773264835881, 109395351959807631, 109244536989247997, 109394854795045410, 109744398942491277, 109362885202634131, 109520643265643859, 109281240401865353, 109443510200906807, 109378728957139529, 109283698957584454, 109523856206890963, 109290919664800773, 109248369545866043, 109116933503948240, 109454865810158710, 109351409003379056, 109643105051262489, 109294339245781191, 109259288092618396, 109372145626259690, 109481969971041179, 109546757846820081, 109716166466165080, 109265437033126429, 109272147605581700, 109248021657941979, 109428387828024727, 109364998455769777, 109304562212978456, 109472415211531324, 109496136553112222, 109357341225686926, 109289663405910716, 109410989109291002, 109531853733150888, 109366890199908238, 109473565597482711, 109394017857520717, 109660147176714261, 109608694091103529, 109622490361097385, 109291472924807241, 109320377151920308, 109288281993248887, 109503067297346540, 109299266510766674, 109356340211089106, 109647727451652268, 109362641642495582, 109529997309644224, 109311657242277043, 109289235720724015, 109293888562134531, 109258047865946178, 109548371901588222, 109343780765213341, 109385292988397423, 109295226952496166, 61070, 109394096520601271, 109322078398904662, 109378055649427120, 109321056679994507, 109242900938345669, 109332879703244102, 109628385064740722, 109586864380454617, 109468786561554232, 109248434943932194, 109537650254983953, 109376895391446577, 109376145397052386, 109485885430104525, 109406887190297798, 109338807747038374, 109349574627563704, 109295149611900671, 106976814883672313, 109537133315000083, 109394543702365546, 109306693310232989, 108209999922743843, 109548768185628663, 109420094186878153, 109355114773234029, 109317258708094699, 109337110646521519, 108201715128516431, 109305097462951600, 109613380257220516, 109417983327581037, 109503408256053693, 109298051953879241, 109293671776999703, 109302295964115033, 109539972242732968, 109353865376849541, 109400740593077738, 109599742775659726, 109289732162285804, 109271671973708825, 109586737792941649, 109378595415501587, 109583124474366710, 109582943116963020, 109581503554889819, 108355780832228528, 109554930441433258, 109320607454988371, 109339195234511557, 109457712311444760, 109377121067075870, 109382140817047574, 109451844872021227, 109570760259806897, 109503250855606752, 109418332123649123, 109537722007915625, 109566580527801210, 109411332350443035, 109479897335981972, 109337132062825762, 109366071521152052, 109449915565248230, 109456258671178495, 109501901592410166, 109243139631965273, 109353407888413171]	Genealogy
Meryem_Fuat	social.snorklr.com 	[]	Genealogy
crgalvin	ausglam.space	[109258768109778160, 476510, 107990518454921286, 109349303219266656, 109845298550366701, 107192220324249637, 109373962702011283, 801140]	Genealogy
cferra1227	toot.site	[109996222573840432, 109845298550366701, 109354994325638136, 540053, 109373962702011283, 109380429389445795, 236128, 109362107773066500, 109349303219266656, 108195250747497608, 109203530040209554, 108194313256726865, 109241239492360851, 108194973799367148, 1026102]	Genealogy
TLegmania	toot.community	[109845298550366701, 109322656798784265, 109247712952305913, 109354614709841195]	Genealogy
bainey	mastodon.ie	[109845298550366701, 109366355876244350, 109248339052688924, 108197920565246907, 109254724425946803, 109245570392309857]	Genealogy
PlymptonBirder	mas.to	[480681, 109361876394241651, 109248391235510402, 109373962702011283]	Genealogy
LeitrimMel	toot.community	[109845298550366701, 109837218337872673, 109358544043904637, 109380429389445795, 1098421, 109246963493225492, 109378312032932960, 195032, 108176559827658279, 801140, 109368367721161182, 109241239492360851, 109349303219266656, 109248756292738135]	Genealogy
Geo8	mastodon.uno	[]	Genealogy
tangledwebgenealogy	mstdn.social	[]	Genealogy
genzgenealogy	mas.to	[]	Genealogy
kjm4	mastodon.online	[]	Genealogy
LynnC	mastodon.scot	[453394, 242562, 109845298550366701, 108193162497797030, 14996, 490346, 109386419741079896, 109312693818852617, 34870, 108194751059611267, 393184, 108194112465040522, 458001, 108194494782459272, 108193574284734229, 554558, 108196081869220237]	Genealogy
valorie	mas.to	[109956841388396212, 109845298550366701, 109872947408583079, 109306856245137810, 108217661718174629, 109243346002798202, 970971, 109509326087491813, 559242, 106886163803369357, 521140, 476510, 337717, 597985, 109349303219266656]	Genealogy
HeatherRojo	toot.community	[110149979465086052, 109257667776772001, 109521061397295508, 109845298550366701, 109354564202240035, 109841406407368773, 109356354047801580, 109313583679608371, 109246530404595912, 407184, 109496287057422088, 109246554904857531, 109368779687740629, 109245541094634872, 109245715105751572, 237195, 108219153777910954, 801140, 109241995804981879, 109249727689978662, 109337283812265216, 109354994325638136, 109359200485854532, 109247712952305913, 108199374483370995, 109254794072240383, 109359384813919682, 109349303219266656, 109308340356698433, 514531]	Genealogy
SirVonWickrath	toot.community	[109845298550366701, 109246963493225492]	Genealogy
miningthepast	mastodon.scot	[109845298550366701, 109245715105751572, 109349303219266656, 195032]	Genealogy
michelserne	mastodon.social	[110068921406778348, 110077222205804524, 110003245101885203, 510714, 110061986825770536, 109275162169299192, 109845298550366701, 109432075977027360, 109293363605628610, 109303038090532764, 109715259469754522, 109283915972459366, 109675752956827931, 109372461754056918, 109267697913716679, 109270574055456409, 109246566022744808, 109591708595498650, 109613380257220516, 109254189893180846, 109302408367871824, 109304599893085330, 109344664538550241, 109276366001918425, 109490088030987076, 109358701124864426, 109326096956376022, 109422225165700256, 108193314647277126, 109462211466581098, 109315334221253836, 109293290046239071, 109554273304079063, 109376712339203751, 109263044412293775, 109256554863478211, 109344649928084046, 109320599446452174, 109444298309815909, 109386610637341337, 109297162928480653, 109423564895009162, 109413042839776497, 109336843656953992, 554558, 109403634150131050, 109247712952305913, 109300761833163283, 109378830970021521, 109395171488579244, 109382611645682283, 109301205557966416, 476510, 109356106319015996, 109329125617503195, 109385137739535369, 109384964981316292, 109383139963563352, 109382054615909828, 109359600469833173, 109362758618358647, 109372124731171287, 109321901241669627, 109299059628813741, 109365193532511688, 109355002504438403, 109298237092347729, 109365602275676707, 109365683351331300, 109364023406459922, 109270621448263144, 108197428377255961, 109251325855788091, 109252756494588689, 109262609941070492, 109358821859942427, 109293791248259923, 109261929297693789, 109298749157874376, 109259574169259706, 109281941162063314, 1134537, 193484, 109275744162426039, 109294826321324085, 109305171726991758, 109348799164165795, 109337756392346280, 109315479822502512, 109300736464866213, 109297609640257041, 109307656308115350, 109316606027172109, 109342026861274168, 109276587942248113, 109298995827958852, 109302879787272588, 109299056273319903, 108197679983522147, 109290357056038859, 109287246875050835, 108209928128783787, 109258303820531820, 109282070817008527, 109276724076384360, 109247731622251011, 109255509776895928, 109251566454067860, 109254769946292251, 1401467, 109253005010515849, 108217352840583562, 109245071013097885, 109245168263163008, 109249663716160476, 357113, 108195248747601677, 109245292037299529, 511497, 109250053279347947, 109247854293122756, 109247785909671414, 109248637702780899]	Genealogy
jannie_b	mastodon.world	[109845298550366701, 108282607750436432, 109357251271383739, 109297333302941837, 106773666716552677, 109258648355395599, 109243396214648292, 108356498558534447, 109254987299070671]	Genealogy
bethroots	mindly.social 	[110221981869972727, 110100878444442877, 110248292214624362, 109305532011609439, 110191305952044634, 110128881170754187, 109354564202240035, 109356586414850685, 109819256972922140, 110003144068610454, 110056494387057870, 110030882234607170, 109883255527671221, 109335572632178842, 109117813724729237, 108131017378560705, 109521126489373607, 109514468038986333, 109892319861140697, 109297500981599578, 109297777870396943, 109243632893622609, 109845298550366701, 108218046328014676, 109264829182295597, 108195975333001997, 109496287057422088, 109254277798340016, 108279780058040080, 109354994325638136, 108096549429858561, 109258907610164484, 109497823019739571, 109490617646502050, 632250, 108196506779924437, 109244210721350199, 476510, 109373962702011283, 109241239492360851, 109349303219266656, 109248022493147843, 109247712952305913, 109312019323994769]	Genealogy
stevehutch	mastodon.online	[109845298550366701, 108249104850740490, 915659]	Genealogy
JayhawkGenie	toot.community	[109845298550366701, 1116677, 109253075745809751, 109349303219266656, 109312019323994769, 109257913470404640, 476510, 109354791755642455]	Genealogy
confusethedead	toot.community	[]	Genealogy
LindseytheGenie	c.im	[110112222115849178, 110111958056697630, 109845298550366701, 109358741962340252, 109246997771289654, 109244210721350199, 108197416610174430, 108733397769942662, 108198524837994441, 801140, 108194698448048379, 109313039374585559, 109301823763349559, 109252002157493887, 108196834675898876, 1104801, 108199473757359312, 109247629679963956]	Genealogy
Sharonbw	mastodon.online	[110100878444442877, 110271433081762575, 109489886193176807, 109248945403729531, 409822, 110128881170754187, 110080411736292654, 110077739428136053, 109872604724693091, 109893062787703479, 109371010876960470, 109885392474961234, 1064208, 109968565309900843, 109836726539201361, 109955091163085320, 109217716203840624, 109521061397295508, 109845298550366701, 109497316807359094, 1133225, 109297951478738998, 109382533706629587, 109377244287830482, 108448188257867181, 413843, 109846929097242462, 109258175048797222, 339305, 108195969997186852, 1090193, 109253199563738864, 109314549454872871, 109354564202240035, 108196506779924437, 109252281267836750, 109358544043904637, 109247218160685894, 1102803, 286497, 109510199813377181, 109348159364305026, 109361023069729587, 109362008366495855, 109354994325638136, 109492834839180802, 109501593453578120, 109253075745809751, 41635, 109365909670819944, 229609, 109257532556156800, 1102795, 676482, 109356193465684281, 109356118680314346, 109245596698178154, 109349303219266656]	Genealogy
lgbgenie	mastodonapp.uk	[]	Genealogy
familyhistpod	toot.community	[110101935887442550, 109845298550366701, 109931457047274548, 529837, 109355688480624361, 108318983636879278, 109354791755642455, 109349303219266656, 109312476472693223]	Genealogy
genealogyadventurestv	universeodon.com	[110145396206040527, 109845298550366701, 109835824378980740, 521140, 299282, 476510, 109380429389445795]	Genealogy
bookchickjen	toot.community	[109354791755642455, 109349303219266656]	Genealogy
dearmyrtle	toot.community	[109845298550366701, 109349303219266656, 108194112465040522]	Genealogy
deboraharuth	toot.community 	[110141415062936045, 110107916582837391, 109845298550366701, 109349303219266656]	Genealogy
megansmolenyak	mastodon.social	[109390709230475831, 110287052419796961, 110277343914691539, 110068921406778348, 109339009496745934, 108197900630052143, 109293084333179579, 110225233651149139, 110217477936629041, 110177374768832089, 110162608545097074, 110204152918210779, 109254277798340016, 110198683544680436, 110194852039246853, 109300278935936585, 110189475654226350, 110103218157729413, 109740023825628417, 110181829449355687, 109338003232372885, 109373721182021892, 109627700150974330, 110145396206040527, 109812873199126423, 110103648217186555, 107680416298474040, 110104532756917425, 109993478111176525, 110085638044487178, 109840383322184714, 109814174377070590, 109813377727573100, 109774199554702988, 109288522821304803, 109385236976914315, 110062406160778559, 256581, 109361197179097622, 109360895105099893, 109255509776895928, 110057322677735398, 109984190960994281, 110044158427789144, 110033285907054455, 109295599089224657, 109622143718368908, 109824850164971498, 109508910410463734, 364664, 109989957623537822, 109987801240021810, 109983685419193001, 109975520158852639, 109965811011159747, 109363072020264919, 109847483210659236, 109366160649481818, 109845298550366701, 109914786073060532, 1124758, 109299118151918527, 109279534472265387, 109418816213990167, 109898180837217148, 109893120614077188, 109820113993362856, 109889774636208232, 109382416027160423, 109373471354787749, 109314215022849301, 107192220324249637, 235823, 109843671767760568, 109837459008759556, 109547090501178483, 109837847597574997, 109303038090532764, 109828921220763278, 109258048035341571, 109796164599893761, 109572170309041522, 408096, 109281956636106061, 29483, 109696062024231373, 109619206252344330, 109244566360072139, 2135, 109258653795909815, 109796316283903488, 109348704445864910, 109379270877660422, 109331472069213165, 109300627606893954, 109301490927709288, 109599175584593458, 109400204794023755, 109672287119348444, 109736448656355182, 109390728376542090, 109436090885283712, 109736171429480467, 109289772741830933, 109724180901499884, 109446200206453227, 109472415211531324, 109274860042158466, 109417894357545091, 109675752956827931, 109651987330172472, 109301293070877502, 109310147866651693, 109526160582965916, 109293225530115406, 109678810936150157, 109339396520389853, 109326046087381099, 109677860448933428, 109677486008843314, 109672183340288770, 109293175675344758, 109296027144610799, 1249562, 109412438729610222, 572749, 109377640382163280, 108201257337764041, 109633222793256891, 109632293954311847, 109364105202097760, 109501585687962778, 109629136588499844, 109283137249822008, 109620918873860609, 109570733694366137, 109613380257220516, 109609968930398083, 109298655122961330, 109316967737402672, 109311627467950774, 109367390321642794, 109603768064361049, 109362625466369150, 109296740434744111, 109248604148980218, 109593967215851187, 107990518454921286, 109382688586224751, 109583124474366710, 109313419096940996, 109574698004553168, 109307656308115350, 109312476472693223, 109570407592149590, 109569076616610584, 109564416402975301, 109291959390037300, 109291407344159783, 109331605747613321, 109368451572444625, 109377000461025633, 108282607750436432, 109083360810765505, 109305076553401100, 109543296554944370, 109530521328963417, 109553661700153525, 109326593541467074, 109552790504407293, 109300536029828773, 109495991375783025, 109304092697233914, 109294238695600803, 109292290584623613, 109331762980259893, 108207276064400674, 109373880109517776, 109245769856113803, 109304459317789047, 108195046425770204, 109546351836708089, 109545967108336363, 109370162369802243, 109332848985607932, 109294432237865791, 109367257095417707, 109292560938972502, 109542718238950976, 109322724087920896, 109385309692470105, 109301587888413984, 109542074752773181, 109290304765236714, 109541858351809577, 61839, 109265552785134504, 109320859715725784, 109541718134736412, 109417084149293971]	Genealogy
donvarner	mstdn.social	[109845298550366701, 109349303219266656]	Genealogy
learngenealogy	toot.community	[]	Genealogy
jowston	mstdn.social	[109845298550366701]	Genealogy
mamiddau	toot.wales	[109845298550366701, 108196985769865137, 109258491281778642, 109258648355395599]	Genealogy
Flominator	genealysis.social	[109508314644931323, 110158964912842297, 109519949565707548, 109356586414850685, 110123977780289807, 109845298550366701, 108131017378560705, 108298782992453888, 469292, 107990518454921286, 109245093578252073, 109380429389445795, 109264829182295597, 108232829351713150, 108667145810200174, 500134, 109247712952305913, 109248022493147843, 319385, 109247833966682944, 466807, 109349303219266656, 109247007287130403, 108266134751872554, 109373962702011283, 108196926118742118, 17067, 954581, 63903, 109251329915822803, 109355943162567640, 35216, 109245736092992682, 108080257249480913, 108221869028753222, 108132627688998588]	Genealogy
maximum_bird	mas.to	[]	Genealogy
LauraLHedgecock	toot.community	[109845298550366701, 109847100880662484, 109349303219266656, 18549, 109247712952305913]	Genealogy
cathmary	toot.community	[109845298550366701, 108192633695268290, 109264829182295597, 1075697, 109354791755642455, 109349303219266656]	Genealogy
Exploringbackwards	genealysis.social	[109845298550366701]	Genealogy
genchat	lor.sh	[109354994325638136, 110281451418739985, 110202977291842870, 109845298550366701, 109859207070549171, 109254277798340016, 109373757034746523, 109506732686159549, 109258830135627621, 511497, 109246963493225492, 109378312032932960, 109247712952305913, 109241239492360851, 109362198234466367]	Genealogy
janetfew	mastodonapp.uk	[107990518454921286, 109845298550366701, 109349303219266656, 109312476472693223, 109367671312800441, 109247712952305913, 109360446736623885, 109354791755642455]	Genealogy
Janealogy	mastodon.scot	[109845298550366701, 227936, 109264829182295597, 109354614709841195, 109354994325638136, 109373962702011283, 108198739521393355, 109349303219266656, 109337283812265216, 865671, 109248022493147843, 109257043847122955, 109241239492360851, 108194112465040522, 109248756292738135, 109243600528842282, 109247208959648151]	Genealogy
joannegenealogy	mastodonapp.uk	[109354791755642455]	Genealogy
raphink	hachyderm.io	[108130871031993937, 109845298550366701, 107166714229830132, 770496, 108687762948677354, 109547823511042953, 223494, 791787, 109244642882507497, 1070626, 129034, 841596, 109247536983419789, 448303, 287560, 199062, 669243, 38383, 109249963057193325, 478129, 4698, 109253978305604105, 28320, 109245668392258614, 39881, 41864, 970971, 108272655541122949, 368436, 7943, 45797, 41730, 109245751456471304, 109255934601205705, 281272, 29776, 34926, 554531, 418448, 198442, 41795, 41384, 109253324596370525, 108197006938744532, 195829, 323938, 19921, 108196051587854043, 456094, 109254015502615081, 108193485440338848, 42879, 198661, 42638]	Genealogy
RootsMaven	toot.community	[109845298550366701, 109349303219266656]	Genealogy
cassmob	toot.community 	[109845298550366701, 109349303219266656, 109373962702011283]	Genealogy
1418research	mastodon.social	[107990518454921286, 109388218514750398, 109346748972408191, 110149979465086052, 108194692499964138, 109304781975943285, 110082404441913704, 110073850102842279, 109845298550366701, 109846611029614584, 109796164599893761, 109379543514427927, 109563066137226137, 109295344314062077, 109313583679608371, 109734506473674772, 109711040013012215, 109291775992319374, 109342012316637584, 109286358919610438, 109379042987976753, 109421661903243418, 109412438729610222, 109307656308115350, 109639321305112518, 109532866504434856, 109501585687962778, 109622290758419458, 109600565098282268, 109604271355483389, 109384997930911252, 109590805565560633, 109562928577185095, 109557887135788433, 109292548133920793, 109256275217344977, 109292600013314214, 109547984187027845, 109546306424858159, 109325584628072635, 109246554904857531, 109294166671024090, 109368779687740629, 109387005660991626, 109288068154803418, 109522347130681261, 109245541094634872, 109421889108442222, 109315428292822604, 109525528867344490, 109366877281524422, 109289889234080648, 109323478154989138, 109521086822654351, 109520864869627565, 109286710278021167, 109301174412388602, 109503289406273285, 109497091960296594, 109305137026746085, 109482038056792468, 109474272503957620, 109474257475614728, 109421907380433107, 109381188911891104, 109460217708471706, 109292235334679991, 109444298309815909, 109340219269207986, 109286799181374799, 109297598798890881, 109433102415268618, 109315485689229101, 109389471687194920, 109320202899393551, 109417054578792091, 109415120509058060, 109318457375797561, 109413042839776497, 109394482333139400, 109337713544220693, 108219153777910954, 109417942654109955, 109371516993594299, 109416995230489319, 109347411512510429, 147903, 109383574748816585, 109322605890720041, 109401056255974392, 109259900841582652, 109295302741550132, 109386227828349846, 16393, 109299336372194764, 109249727689978662, 109363326466124557, 109395005276231496, 109303736082518655, 109348799164165795, 109392140606254420, 109373983317322624, 109383761566850929, 109390133898208853, 109241995804981879, 109389525051408840, 109389037347847106, 109301205557966416, 109389038725314028, 109388572243098212, 109386728510433301, 109329125617503195, 109386707328703398, 109385655178794917, 109385137739535369, 109384964981316292, 109309239195005200, 108194838166318357, 109377536289047409, 109384084727246371, 109383971332893919, 109355688480624361, 109383856967705865, 109356106319015996, 109280979244228849, 109383139963563352, 109382611645682283, 109382054615909828, 109380068073497693, 109378830970021521, 109292371357770905, 109378312032932960, 109374884238872922, 109374209247175102, 109377453905357691, 109372124731171287, 109367770167351310, 109321901241669627, 109281321470680213, 109376784945923099, 109331556818739719, 109372087598901758, 109376469987154860, 109365725337134076, 109300736464866213, 109366633638321227, 109365241593896229, 109373919439178051, 109372808869032363, 109365016703534252, 109365500554663358, 109258031326769655, 109287491759504629, 109286124529132087, 109331833931457587, 109287864386008477, 109260243736902558, 109365147372867712, 108202449462618929, 109247712952305913, 109286629535149863, 109298237092347729, 109291972512337453, 109305675240268612, 109304464842663450, 109366173812837337, 109366217608970827, 109366305940771327, 109364069211111357, 109366163762581182, 109297609640257041, 109365992988256667, 109299189099838407, 109365784843566474, 109365661773318157, 109365453933093470, 109365545428615311, 109364580867523953, 109364661569673900, 109364945331928723, 109364712827364640, 109364701894063141, 109303074559995271, 109337534047524124, 109363440988576336, 109363517335260657, 109298995827958852, 109294820168945522, 109359763242495550, 109315883272526643, 109313168714926597, 109331221005121139, 109353951816263675, 109353932748293185, 109351073690127019, 109350274508183163, 109328167511463452, 526965, 109321298473012026, 109344770271462448]	Genealogy
Barry_RSA	toot.community	[]	Genealogy
WhatsMyLineage	genealysis.social	[109845298550366701, 109354994325638136, 109257667776772001, 109349303219266656, 109378312032932960]	Genealogy
porthurongenealogist	toot.community	[109845298550366701]	Genealogy
LaurelHaas	c.im	[109845298550366701, 521140, 109373962702011283, 109349303219266656]	Genealogy
GesherGalicia	mastodon.world	[110181229824069598, 110169948126800327, 109845298550366701]	Genealogy
docsst	mastodon.world	[109845298550366701, 109251784604678324]	Genealogy
mollyscanopy	universeodon.com	[]	Genealogy
Jenniferirvinghart	toot.community	[110123932670677721, 109845298550366701, 109349303219266656, 109373962702011283]	Genealogy
faintlymacabre	mas.to	[109845298550366701, 109298024386819690, 109366355876244350, 108136736278147518, 109248022493147843, 42693]	Genealogy
notjustanyfamily	toot.community	[109845298550366701]	Genealogy
vanKleef	genealysis.social	[109845298550366701, 109373962702011283, 109349303219266656]	Genealogy
Helene	genealysis.social	[]	Genealogy
menofworth	mastodon.online	[109845298550366701, 109248756292738135, 109245715105751572]	Genealogy
Chasing_my_tale	mastodonapp.uk	[109845298550366701, 109361691005923679]	Genealogy
Clouddad	mastodon.social	[263078, 109950154305211991, 109845298550366701, 109763163512091888, 109893434005191811, 109842751214829593, 109248023390647945, 109269024620102363, 46385, 109391896003617732, 109273624930629233, 109305219448688301, 109613380257220516, 109535975525556822, 137770, 109307389275891663, 109362199590280979, 109540531908826358, 109280719386966909, 108194019109765271, 109315770928755944, 109596504981705618, 108194626032251321, 109287171919316112, 108222307562747891, 109314430767039601, 180098, 109308521237094720, 109591617752820801, 109310123445566942, 109583124474366710, 109570407592149590, 109386907101449643, 109298335901133373, 109378077110968847, 109290893490246416, 108194350920540387, 109526543203021865, 109372278702441255, 109521957904381545, 109292795919272915, 106392636775438395, 212352, 64121, 109343343213797419, 112610, 109281676217482595, 109327988895737967, 1351168, 109428690829733379, 109304774256548425, 109369666702423977, 109320599446452174, 109444298309815909, 109349303219266656, 109433883525773307, 109429260755937584, 339425, 106655392946409351, 1339453, 109340219269207986, 109383165549318418, 109310363647162030, 109396928264663731, 109366407258537351, 109309013664110007, 109365972460317493, 109401109678791448, 109302846623955885, 109350279783427411, 109388467182075058, 109251016999818707, 109344414110004917, 108196960287608392, 109348799164165795, 109298304067468349, 109378830970021521, 109301205557966416, 476510, 109344493241841051, 109329125617503195, 109385137739535369, 109384964981316292, 109300504402685897, 109297609640257041, 109292290584623613, 109363874999993667, 109382054615909828, 109280173657988583, 109294556463158729, 109366084081467655, 109378004420081197, 109374884238872922, 109377453905357691, 109372124731171287, 109321901241669627, 109377114790251029, 109304374188291196, 135750, 109375848875741560, 108197432982881982, 806694, 109356020115152285, 109300736464866213, 109260073430955075, 109290610201785373, 109308478613499167, 109293053853435930, 1026587, 109284850675651738, 108200305853616388, 109294826321324085, 109294623811034409, 106211580825002659, 109367002821220949, 109290799637562065, 109305505852234096, 109365532683996417, 109365285246341827, 109364304949961240, 109364371126564891, 109307938434749920, 109293646830940726, 109307454992141008, 109352998108049805, 109358633717849213, 109354426364012623, 109305946015866236, 108194279973168719, 109352438489424802, 109299059628813741, 109353951816263675, 109344649928084046, 178700, 109304381989486070, 109315476888639697, 109332881083432684, 109307267301540367, 31202, 109343299415590775, 109252884359412002, 109298995827958852, 109316411721019495, 109295302741550132, 109322194070740607, 109332785408700875, 242479, 109325605541695569, 109303184244587407, 109269625393753127, 109324832840216473, 109321613999190839, 109290605156649152, 109320164638961626, 109304003622756161, 109318691090551077, 109292876810032460, 109314756052647530, 109313561481078717, 108330397272735397, 109315030421640787, 109281192767007649, 109314340996944521, 565251, 109313949212786188, 109309941205834608, 109313292659433534, 109282459978968151, 109298932139065693, 109302938951656802, 109303843732912361, 109308829096921352, 109303316886556434, 109308541023424120, 109256303893094996, 109304435927085769, 1308269, 109270524393193185, 109302545567508583, 714696, 109264590479823613, 109276952617817557, 108198952110449336, 109303546519549155, 109304408112040084, 109303537674451927, 109304092336011442, 109303822142746412, 109303947554331414, 109303723035498472, 109287299539221082, 109302706308971452, 109281468922205992, 109302937558411769, 109302734690992751, 106923463722838988, 109302662788441622, 109302708490750424, 109302686437602158, 109287623366012721]	Genealogy
DeckOfAncestors	genealysis.social	[109845298550366701, 109373962702011283, 109246963493225492, 109378312032932960]	Genealogy
AineNiDonnghaile	genealysis.social	[]	Genealogy
ArchiveAngel	toot.community	[109845298550366701]	Genealogy
mjnrootdig	c.im	[109354994325638136, 109258271402299355]	Genealogy
david	genealysis.social	[110188882377104573, 110002500700527208, 109845298550366701, 109254277798340016, 109246963493225492, 511497, 109354994325638136, 109349303219266656, 540053, 476510, 109373962702011283, 109247712952305913, 109378312032932960, 109264829182295597, 109354791755642455, 801140]	Genealogy
kknights	genealysis.social	[110087374352530727, 109845298550366701, 109247712952305913, 109349303219266656, 109354791755642455]	Genealogy
MarianBWood	genealysis.social 	[107990518454921286, 109845298550366701, 109277325483346853, 109258271402299355, 109504277182602239, 109354994325638136, 476510, 109380429389445795, 109264829182295597, 669243, 109349303219266656, 109354791755642455]	Genealogy
Harryhistoryy	genealysis.social	[109845298550366701, 109349303219266656]	Genealogy
PaulTheFossil	cityofchicago.live	[]	Genealogy
theDNAgeek	mstdn.social	[]	Genealogy
grippingyarn	infosec.exchange	[510714, 235135, 108448188257867181, 109245459220441280]	Genealogy
ruthjots	aus.social	[110136198944723870, 109845298550366701]	Genealogy
cataplin	mindly.social	[]	Genealogy
mdianerogers	sfba.social	[109845298550366701, 108194112465040522, 270715, 109349303219266656, 669243, 108789766879468706, 109248391235510402, 109243600528842282]	Genealogy
janiealogy	mstdn.party	[]	Genealogy
kansaswriter	ohai.social	[109353871744161531, 109845298550366701, 108235755317521000, 106133334208263652, 109240495129582918, 15688, 109259351815890066, 109378574828687453, 109520651913647461, 109517558831508946, 107215301464188384, 109362203383935266, 476510, 109258508133811739, 236781, 108133429494731156, 246086]	Genealogy
thetimeunraveler	genealysis.social	[109845298550366701, 109362223446675534, 108195699401529324, 108194365870640555, 476510, 109373962702011283, 109248022493147843, 109245715105751572, 109247712952305913, 801140, 109264829182295597, 109312476472693223, 109354791755642455]	Genealogy
genealonet	mastodon.top	[109845298550366701, 107990518454921286]	Genealogy
Genemeet	genealysis.social 	[]	Genealogy
GenealogyJess	mastodonapp.uk	[]	Genealogy
FredDews	mastodon.online	[109845298550366701, 15688]	Genealogy
CarolinesChronicles	genealysis.social	[109845298550366701, 109241239492360851, 109247712952305913, 195032, 109349303219266656, 109264829182295597, 109245715105751572, 801140, 108176559827658279]	Genealogy
divergentiafaux	neurodifferent.me	[109845298550366701, 568373, 108221818435278143, 108194698448048379]	Genealogy
Jlepoma	mastodon.social	[109845298550366701, 109583124474366710, 109365994974455477, 109520872325296536, 109462257132226496, 109320599446452174, 109444298309815909, 109307656308115350, 109353951816263675, 109295302741550132, 108280109550578797, 109247712952305913, 109348799164165795, 109300736464866213, 109378830970021521, 108223145593304365, 109301205557966416, 109349303219266656, 109385137739535369, 109297609640257041, 109356106319015996, 109382054615909828, 109352438489424802, 109362758618358647, 109264829182295597, 109344649928084046]	Genealogy
lmgenealogy	mstdn.ca	[]	Genealogy
Harradine	aus.social	[]	Genealogy
booksonspain	mastodonapp.uk	[110142133077705673, 109845298550366701, 109926149442858520, 109879221201235743, 109250467311834639]	Genealogy
annempowers	mastodonapp.uk	[109845298550366701, 559242, 109373962702011283, 476510]	Genealogy
Whoamiftr	mastodon.world	[109380429389445795, 476510, 109248022493147843, 109354791755642455, 109257532556156800]	Genealogy
dekgenealogy	mastodon.world	[109845298550366701, 109373962702011283, 109349303219266656]	Genealogy
wikitree	genealysis.social	[109258271402299355, 10404, 109845298550366701, 109499231394184172, 107594319691835656, 109360850386520015, 109254277798340016, 109314497321462652, 109264829182295597, 109354921516959116, 109247712952305913, 109373962702011283, 109356586414850685, 109354994325638136, 109246963493225492, 107990518454921286, 669243, 109380429389445795, 109349303219266656, 195032, 108176559827658279]	Genealogy
CanyonGen	mastodon.social	[109372808869032363, 109400849111858061, 109845298550366701, 109893120614077188, 109796164599893761, 109353951816263675, 109413042839776497, 109410890457888128, 109290610201785373, 109462257132226496, 109320599446452174, 109383467746321641, 109444298309815909, 109307656308115350, 109410645498260347, 109247712952305913, 109378830970021521, 109395171488579244, 109348799164165795, 109315226394122681, 109300736464866213, 109382611645682283, 109301205557966416, 109297609640257041, 109385137739535369, 109383139963563352, 109356106319015996, 109371622613610389, 109298364520239338, 109264829182295597]	Genealogy
RatonGenealogy	genealysis.social	[109845298550366701, 109349303219266656]	Genealogy
shamrockgenealogist	genealysis.social	[109245715105751572, 234609, 109258735960942520, 669243, 109247712952305913, 109373962702011283, 476510, 109349303219266656, 109362232087752283, 109354791755642455]	Genealogy
timepix	mastodonapp.uk	[109970129706726671, 109845298550366701, 109248391235510402, 108197195157271896, 109349303219266656, 109257947529816358, 109245118230650187, 108193907693074579, 109355104801015976, 109245715105751572, 108193699219067184]	Genealogy
franielee	genealysis.social	[109845298550366701, 109246963493225492, 109349303219266656, 195032, 109245715105751572, 108176559827658279]	Genealogy
DevonFHS	genealysis.social	[109845298550366701, 109248391235510402, 109314497321462652, 109245715105751572, 109354791755642455]	Genealogy
SJCaracciaCPA	genealysis.social	[107990518454921286, 109845298550366701, 109354210424821248, 234609, 109354994325638136, 109380429389445795, 540053, 109259343439934411, 109246963493225492, 109378312032932960, 109373962702011283, 801140, 109349303219266656, 195032, 109247712952305913, 109264829182295597, 109354791755642455, 108176559827658279]	Genealogy
TheRootsGenie	genealysis.social	[109845298550366701, 109354614709841195]	Genealogy
ellieatf	mstdn.ca	[109836315719637008, 109845298550366701, 7343]	Genealogy
AmyABJ	genealysis.social	[109845298550366701]	Genealogy
supergrrl7	mastodon.social	[110069759107471784, 107192220324249637, 109845298550366701, 109295344314062077, 109467800043758406, 109340219269207986, 109519949565707548, 109378595415501587, 109319517065227065, 109523883420849660, 109389619156061162, 109385137739535369, 109319582970397835, 109387005660991626, 109422295787673447, 109362131517357080, 109383856967705865, 109462257132226496, 109320599446452174, 109444298309815909, 109307656308115350, 109366214867017361, 108195699401529324, 109308457523224874, 109412861796183412, 109339310873663196, 109295511842106250, 109298289685483931, 109297609640257041, 109300736464866213, 109378830970021521, 109396292248638875, 109300759027155644, 109298995827958852, 109365266090907076, 109395171488579244, 109264829182295597, 109293803816367278, 109384793856012956, 109394222541720147, 109348547303109408, 109253610017811572, 109315478832648843, 389308, 109291566796015353, 195032, 109297469915844593, 109366435963254301, 109299059628813741, 109353951816263675, 109292235744173703, 109306398281694182, 109298656632340276, 109298940603711727, 109377886768791087, 109252482903133022, 109361926239762575, 521276, 109362622606220841, 109302751815953103, 109363083606356556, 219113, 109364391269697884, 109366023780445296, 109365651994300556, 109283420785980451, 109365156156908561, 109364041396541767, 109327881593058206, 109356321116334764, 217307, 109331969181970617, 109304452892920572, 109309532930552702, 109306469627412266, 108197389602224035, 109300504402685897, 109337491554492900, 108200656763794690, 109340492289024019, 109337748700207389, 109310607606363777, 109326165863066822, 508705, 109321850813041368, 109299436210724939, 109289151606852017, 108199151384886555, 222248, 109311572837038451, 109246855435623940, 109297228271897119, 433912, 109287589458826580, 109291313629399103, 109259870160284923, 109297821932845142, 109298257274282309, 109292678724823470, 109291657411835275, 109288894147653993, 109291449981499275, 109291718278538753, 108194365870640555, 108204930724155370, 509224]	Genealogy
YourDNAGuide	genealysis.social	[364664, 109845298550366701, 521140, 109247712952305913, 109373962702011283, 109349303219266656]	Genealogy
Few4gottenwomen	genealysis.social	[107990518454921286, 109356586414850685, 109845298550366701, 109354994325638136, 109251623577854138, 109258462483382711, 108196693981819390, 109250467311834639, 108080257249480913, 109349303219266656]	Genealogy
Laurelhaas	c.im	[109845298550366701, 521140, 109373962702011283, 109349303219266656]	Genealogy
MRFortier	genealysis.social	[109845298550366701, 109373962702011283, 109349303219266656]	Genealogy
pellepioche	piaille.fr	[109246304841734211, 109845298550366701, 107990518454921286, 109373757034746523, 108228589946882394]	Genealogy
AllysGenealogy	genealysis.social	[109845298550366701, 109506732686159549, 669243, 109349303219266656]	Genealogy
KarenSkelton	genealysis.social	[109845298550366701, 109257855856437543]	Genealogy
KottalGenealogy	mastodon.online	[]	Genealogy
KevinHuigens	Genealysis.social	[109356586414850685, 109297777870396943, 109845298550366701, 109254277798340016, 669243, 109354994325638136, 109349303219266656, 511497]	Genealogy
susankitchens	masto.ai	[109355526679906887, 110199527609916731, 110194217114108584, 109948320624633795, 110136198944723870, 110135227026039196, 1150138, 470635, 110122028461513825, 110106099049010878, 108194551220657103, 433020, 109898193890349623, 107872521041344902, 108339579815593365, 1064208, 450829, 109249424889135853, 109845298550366701, 109932406767250439, 108194428751240116, 108194108250588837, 15794, 215478, 109248152768065493, 109507722837958959, 109378433828579608, 109354564202240035, 109246743437611105, 109553384271651116, 109245650194154145, 109196062781967761, 29256, 108194261852176923, 1136071, 109505821115398535, 109257966415204137, 109497977820358327, 109504783545840122, 109354721292508700, 109296729136865370, 109504059545490734, 109314530748104820, 109361894327188235, 109489963423954327, 109305789320996461, 156899, 109245769856113803, 450944, 299726, 109247712952305913, 107189241090203656, 36293, 108195234034001080, 109288290976374009, 109246257825919486, 109257934119070850, 407099, 108315020570715397, 109257643951578769, 109245518772750317, 513224, 109298149651445496, 134642, 415134, 109292147921875411, 596933, 109394799669493133, 109204195208038648, 40242, 109258957929118983, 109373962702011283, 108239839289792915, 109253199884600038, 109253075745809751, 109246762387181041, 109363479900129328, 41229, 109257506250047616, 109349303219266656, 108194786589981076, 109335576184054047]	Genealogy
robballan	fosstodon.org	[109845298550366701]	Genealogy
PhilGrass	genealysis.social	[109845298550366701, 511497, 109349303219266656]	Genealogy
shamrockroots	genealysis.social	[109845298550366701, 109245715105751572, 109349303219266656]	Genealogy
MemsDead	genealysis.social	[109359300528584774, 109845298550366701, 109356586414850685, 107456432523402275, 109356683683102210, 109349303219266656]	Genealogy
sheribush	mastodon.social	[109334380619204545, 109388218514750398, 109786182298489459, 109950454261547023, 109845298550366701, 109426483125017178, 109893120614077188, 109395171488579244, 109300736464866213, 109444298309815909, 109391767676152223, 109541576012602567, 109530438793158630, 109295353710542366, 109295057852738699, 109427885147541679, 109440429285435044, 109303064233487256, 109308193237534437, 109313777246120893, 109474536021907691, 109377758527074060, 109412211487269856, 109362813963491801, 109327876096385001, 109371622613610389, 109344493241841051, 109378285571532284, 109298995827958852, 109349732852644332, 109356710217466781, 109353951816263675, 109275744162426039, 109410890457888128, 109349303219266656, 109387005660991626, 109377279494612882, 109382611645682283, 109385114707644758, 109340219269207986, 109383761566850929, 109383139963563352, 109294826321324085, 109295302741550132]	Genealogy
thebiblioblonde	genealysis.social	[109845298550366701, 109311617756986357, 109353871744161531, 109349303219266656]	Genealogy
DKayS43	genealysis.social	[109845298550366701, 109258841967260524]	Genealogy
ToniV	genealysis.social	[]	Genealogy
blainebettinger	genealysis.social	[110167427348604985, 529342, 107990518454921286, 364664, 109845298550366701, 109264829182295597, 521140, 109520872325296536, 109259815683309307, 514531, 109312364040950296, 108194112465040522, 109354994325638136, 574426, 109349303219266656]	Genealogy
cnabo	genealysis.social	[109845298550366701, 109349303219266656]	Genealogy
dhutch	ohai.social	[109253199563738864, 109845298550366701, 109356354047801580]	Genealogy
mydeadpeeps	genealysis.social	[109845298550366701, 559242, 109353871744161531]	Genealogy
reinasinespejo	mastodon.social	[109321657785162618, 109847070264636922, 110079392469179881, 109330704582548664, 109769124985891694, 109831609402221696, 109995107436414920, 1013458, 109845298550366701, 109450552067443038, 109426825114268157, 109336111346911992, 109123553671401117, 1194504, 109757011067640300, 109626932603418713, 109364123172987620, 109411206777385265, 109395623860090873, 109535051686036119, 109343947518919388, 109312926434105839, 109290934088934370, 108950626336567355, 109364150559722759, 1062955, 109304776003149067, 1197713, 109320129048012475, 109374925933357981, 544117, 109302134249174200, 109364835864359934, 551784, 1373947, 1336441, 1077169, 1077162, 1116324, 378669, 255984, 1045768, 1089504, 1058084, 1044884, 1063681, 1049756, 1052437, 1049538]	Genealogy
VirtualGenealogy	c.im	[109264829182295597, 109845298550366701, 109258271402299355, 109349303219266656, 109247712952305913, 511497, 107990518454921286]	Genealogy
onetruekim	genealysis.social 	[]	Genealogy
Bobj2018	genealysis.social/	[109349303219266656]	Genealogy
